filename, cat, chicken, cow, dog, fox, goat, horse, person, racoon, skunk
367_jpg.rf.8fae0607d49927b1b9a00095dd3cc92a.jpg, 0, 0, 1, 0, 0, 0, 0, 0, 0, 0
624_jpg.rf.9076be0d0772ea9cee8e31cb692900fc.jpg, 0, 0, 0, 1, 0, 0, 0, 0, 0, 0
99_jpg.rf.9096b9e686240cc36eee3f4ee422257b.jpg, 0, 0, 0, 0, 0, 1, 0, 0, 0, 0
464_jpg.rf.90a5aedd4a7ed96a323df3e4639b82ef.jpg, 0, 0, 0, 0, 0, 0, 1, 0, 0, 0
798_jpg.rf.90be0cb290a36929ef13b07276a49b02.jpg, 0, 1, 0, 0, 0, 0, 0, 0, 0, 0
289_jpg.rf.916e080c006b67fda0513c1ee01c12d9.jpg, 0, 0, 0, 0, 0, 0, 0, 0, 1, 0
158_jpg.rf.91ad17d40a3fac6262c5de5a3d50ffda.jpg, 0, 0, 0, 0, 0, 0, 0, 0, 0, 1
267_jpg.rf.900fb2edf3bbe7ecc03cd1bbbd6c81c4.jpg, 0, 0, 0, 0, 0, 0, 0, 0, 1, 0
602_jpg.rf.8f6d2c8b1af8d1cbb02b2c5b99b28018.jpg, 1, 0, 0, 1, 0, 0, 0, 0, 0, 0
603_jpg.rf.937eb82a980ed8dd17331214b155fe65.jpg, 0, 0, 0, 1, 0, 0, 0, 0, 0, 0
213_jpg.rf.91e4979e3a1dcb3369b6e964c6c143bc.jpg, 0, 0, 0, 0, 0, 0, 0, 0, 1, 0
769_jpg.rf.948830f6d4142756509eb4ab9063e724.jpg, 0, 1, 0, 0, 0, 0, 0, 1, 0, 0
940_jpg.rf.9419dbca26dbd3c1eab6f8e8604f63d0.jpg, 0, 0, 0, 0, 0, 0, 0, 1, 0, 0
963_jpg.rf.951fe4413aca247b1f1116a5a42e259b.jpg, 0, 0, 0, 1, 0, 0, 0, 1, 0, 0
925_jpg.rf.9505df177608890d838cc3a74d5bd69d.jpg, 0, 0, 0, 0, 0, 0, 0, 1, 0, 0
2_jpg.rf.9417c294d1dd78e0fc009bffcbaa8bbd.jpg, 0, 0, 0, 0, 1, 0, 0, 0, 0, 0
812_jpg.rf.96b14427efd2946b5908378ba9412aef.jpg, 0, 0, 0, 0, 0, 1, 0, 0, 0, 0
955_jpg.rf.95dc8e3dbaab55a156f35571cce3c6c0.jpg, 1, 0, 0, 1, 0, 0, 0, 1, 0, 0
727_jpg.rf.9576a914a4c832f7d4047b0e96155bad.jpg, 0, 1, 0, 0, 0, 0, 0, 0, 0, 0
720_jpg.rf.90d8dc1a23e2f6e64d5f9eccd25a81c1.jpg, 0, 1, 0, 0, 0, 0, 0, 0, 0, 0
742_jpg.rf.95803c60269e04104b95dab8824f7e7a.jpg, 0, 1, 0, 0, 0, 0, 0, 0, 0, 0
363_jpg.rf.976d0dcea2b0d0dc69fc60438c7c9e8f.jpg, 0, 0, 1, 0, 0, 0, 0, 0, 0, 0
101_jpg.rf.972a0fbe052e4248b14ee0ee2ddf7eae.jpg, 0, 0, 0, 0, 0, 0, 0, 0, 0, 1
697_jpg.rf.9749efc5b074b7ebc17e4765ab41575b.jpg, 0, 0, 0, 1, 0, 0, 0, 0, 0, 0
556_jpg.rf.96f40a3fb79f7d6728fcfb0903f01adc.jpg, 1, 0, 0, 0, 0, 0, 0, 0, 0, 0
415_jpg.rf.9a02cf75484eba6b38c0bf3710c8b053.jpg, 0, 0, 0, 0, 0, 0, 1, 0, 0, 0
589_jpg.rf.992b9818b8ae6886858062e201d33579.jpg, 1, 0, 0, 0, 0, 0, 0, 0, 0, 0
292_jpg.rf.991820f7552f7100bc9556095fd8146c.jpg, 0, 0, 0, 0, 0, 0, 0, 0, 1, 0
564_jpg.rf.9b785571c471538c6e9237a3bc6f8a12.jpg, 1, 0, 0, 0, 0, 0, 0, 0, 0, 0
407_jpg.rf.9b544132bea9d9ab50f3e14d12c8f6a2.jpg, 0, 0, 0, 0, 0, 0, 1, 0, 0, 0
334_jpg.rf.9cafdad968c1364d260df4306326c3bd.jpg, 0, 0, 1, 0, 0, 0, 0, 0, 0, 0
446_jpg.rf.9c7a40c75b480fb2aed0c303e28238ea.jpg, 0, 0, 0, 0, 0, 0, 1, 0, 0, 0
413_jpg.rf.9c210c8406c068723699b5e879cee914.jpg, 0, 0, 0, 0, 0, 0, 1, 0, 0, 0
641_jpg.rf.9a82436285022edb3d89c33a7d863349.jpg, 0, 0, 0, 1, 0, 0, 0, 0, 0, 0
872_jpg.rf.9ca03677d5f779cd2a8c93eb8220b214.jpg, 0, 0, 0, 0, 0, 1, 0, 0, 0, 0
854_jpg.rf.9b3912c6f6de9e39ef46017bdb4a1788.jpg, 0, 0, 0, 0, 0, 1, 0, 0, 0, 0
924_jpg.rf.9b5558ed46ca8b82ba120f865b861c3f.jpg, 0, 0, 0, 0, 0, 0, 0, 1, 0, 0
877_jpg.rf.9956ec14b1dda0d217cead38f6d170c9.jpg, 0, 0, 0, 0, 0, 1, 0, 0, 0, 0
439_jpg.rf.a77ebdf4d72b71887f0150d54131c672.jpg, 0, 0, 0, 0, 0, 0, 1, 0, 0, 0
410_jpg.rf.a6d8aff52472321231199ef58441245e.jpg, 0, 0, 0, 0, 0, 0, 1, 0, 0, 0
811_jpg.rf.a779597785c8c9dcd5c0ff1c44d5a372.jpg, 0, 0, 0, 0, 0, 1, 0, 0, 0, 0
473_jpg.rf.a78e6285371978ea6ca962fd1293d54f.jpg, 0, 0, 0, 0, 0, 0, 1, 0, 0, 0
672_jpg.rf.9e6b3fcad52a7a186931be2e91c3a583.jpg, 0, 0, 0, 1, 0, 0, 0, 0, 0, 0
572_jpg.rf.9e7ad5905e58a16bfd22a6978642801c.jpg, 1, 0, 0, 0, 0, 0, 0, 0, 0, 0
56_jpg.rf.a7c1c07edef5c0836cc91eac76ed4539.jpg, 0, 0, 0, 0, 1, 0, 0, 0, 0, 0
269_jpg.rf.9dc2c3167062eee5eb001340b38de5b4.jpg, 0, 0, 0, 0, 0, 0, 0, 0, 1, 0
891_jpg.rf.a4fe633a14b8610ea2a3056fee4cf6eb.jpg, 0, 0, 0, 0, 0, 1, 0, 0, 0, 0
904_jpg.rf.9db426e12b06f4fc614e667d3fd15632.jpg, 0, 0, 0, 0, 0, 0, 0, 1, 0, 0
7_jpg.rf.a459fb54dea2dc8c9c8ff1c2275be5b1.jpg, 0, 0, 0, 0, 1, 0, 0, 0, 0, 0
679_jpg.rf.9ef17791b82523338c8197367ab58269.jpg, 0, 0, 0, 1, 0, 0, 0, 0, 0, 0
163_jpg.rf.a857c52366162190fae59cd6f13e566c.jpg, 0, 0, 0, 0, 0, 0, 0, 0, 0, 1
748_jpg.rf.a3705d10c85a66d20cf28fd444d10ee4.jpg, 0, 1, 0, 0, 0, 0, 0, 0, 0, 0
928_jpg.rf.9d8f27e3540474951c699cbbce22cb11.jpg, 0, 0, 0, 0, 0, 0, 0, 1, 0, 0
31_jpg.rf.a5a91fe1e4bc9b2951458d5c9c9e4a01.jpg, 0, 0, 0, 0, 1, 0, 0, 0, 0, 0
397_jpg.rf.a2b1f1962cd72fe2291a1e58cd843c98.jpg, 0, 0, 1, 0, 0, 0, 0, 0, 0, 0
8_jpg.rf.9c717ca3041f33a7a525fdfc35380b88.jpg, 0, 0, 0, 0, 1, 0, 0, 0, 0, 0
468_jpg.rf.9d44f3be171b42eb298207fecd01a3f9.jpg, 0, 0, 0, 0, 0, 0, 1, 0, 0, 0
634_jpg.rf.a8f989dd9ad6ca4809952cc040901956.jpg, 0, 0, 0, 1, 0, 0, 0, 0, 0, 0
195_jpg.rf.a1d837723fc0d024b014c6c4c6a2cd61.jpg, 0, 0, 0, 0, 0, 0, 0, 0, 0, 1
248_jpg.rf.a076f5d1a7e954db5b0c3bc19bc3a367.jpg, 0, 0, 0, 0, 0, 0, 0, 0, 1, 0
378_jpg.rf.a68ca80b46d9741ada36c7efdd5c488c.jpg, 0, 0, 1, 0, 0, 0, 0, 1, 0, 0
478_jpg.rf.a260ec2af037a5e9cb8027367504d9bd.jpg, 0, 0, 0, 0, 0, 0, 1, 0, 0, 0
194_jpg.rf.a1e6e0d5988772e2c3704c4b9989b90a.jpg, 0, 0, 0, 0, 0, 0, 0, 0, 0, 1
44_jpg.rf.a9127c8f8be3588023a54e506c45e833.jpg, 0, 0, 0, 0, 1, 0, 0, 0, 0, 0
228_jpg.rf.a03655e60ad0df8f1c4713a0475e6664.jpg, 0, 0, 0, 0, 0, 0, 0, 0, 1, 0
678_jpg.rf.ab76c060dbab17103698d4b6a7f4a436.jpg, 0, 0, 0, 1, 0, 0, 0, 0, 0, 0
522_jpg.rf.ab3500b561c9468ac1e78a64f9f7657c.jpg, 1, 0, 0, 0, 0, 0, 0, 0, 0, 0
775_jpg.rf.a0c73d5b161516c5f421fa5daea9aa2a.jpg, 0, 1, 0, 0, 0, 0, 0, 0, 0, 0
677_jpg.rf.a98e62d08d6f260e37ab97c2c2608788.jpg, 0, 0, 0, 1, 0, 0, 0, 0, 0, 0
764_jpg.rf.a96b7cd2a007b266afe5de3584973774.jpg, 0, 1, 0, 0, 0, 0, 0, 0, 0, 0
848_jpg.rf.9fc663e20ba85a101494303e0c35697b.jpg, 0, 0, 0, 0, 0, 1, 0, 0, 0, 0
458_jpg.rf.ac4414d3f7aadc2e2c2841607d0ce1b9.jpg, 0, 0, 0, 0, 0, 0, 1, 0, 0, 0
995_jpg.rf.a92f6a73f4916bf0293d3970ff1d182f.jpg, 0, 0, 0, 0, 0, 0, 1, 1, 0, 0
835_jpg.rf.ae13997ac1870e9407187b921f526c67.jpg, 0, 0, 0, 0, 0, 1, 0, 0, 0, 0
170_jpg.rf.ab42356a201cfe60fbe0e572c1453948.jpg, 0, 0, 0, 0, 0, 0, 0, 0, 0, 1
632_jpg.rf.ae8b9560047def23a4bf50d3163cfdbd.jpg, 0, 0, 0, 1, 0, 0, 0, 0, 0, 0
514_jpg.rf.aa86091297d35673f84c9d660e701128.jpg, 1, 0, 0, 0, 0, 0, 0, 0, 0, 0
190_jpg.rf.adc2930246a9c0739645375a471cdd21.jpg, 0, 0, 0, 0, 0, 0, 0, 0, 0, 1
434_jpg.rf.aba0db0b034f5e54cb8299c1d0ac897a.jpg, 0, 0, 0, 0, 0, 0, 1, 0, 0, 0
706_jpg.rf.b17d86372825fce2ab82abd6280dd1de.jpg, 0, 1, 0, 0, 0, 0, 0, 1, 0, 0
298_jpg.rf.ac07b88b4ddaa6651f3871d5a9c1db2b.jpg, 0, 0, 0, 0, 0, 0, 0, 0, 1, 0
499_jpg.rf.af5513caabe6ee8821511d62a50a8bcf.jpg, 0, 0, 0, 0, 0, 0, 1, 0, 0, 0
5_jpg.rf.ac9c488979dca90753bb6866fd321e25.jpg, 0, 0, 0, 0, 1, 0, 0, 0, 0, 0
191_jpg.rf.b34dea22a7c81e9573bc3b300a4e7594.jpg, 0, 0, 0, 0, 0, 0, 0, 0, 0, 1
466_jpg.rf.b155221982daa348701bd078cb5c757d.jpg, 0, 0, 0, 0, 0, 0, 1, 0, 0, 0
958_jpg.rf.b22fb2de8af9a075d70ba54c1dca48cf.jpg, 1, 0, 0, 1, 0, 0, 0, 1, 0, 0
418_jpg.rf.aeff75112851e9b6593291d7a70f976b.jpg, 0, 0, 0, 0, 0, 0, 1, 0, 0, 0
966_jpg.rf.af6921ab7a8ff09c894ffbe7661163d6.jpg, 0, 0, 0, 1, 0, 0, 0, 1, 0, 0
287_jpg.rf.b048f427d67c5cfd4120cbf75f3e950c.jpg, 0, 0, 0, 0, 0, 0, 0, 0, 1, 0
340_jpg.rf.b186cd7a6477f5f36b2c4d581f6cb665.jpg, 0, 0, 1, 0, 0, 0, 0, 1, 0, 0
515_jpg.rf.b0e72952a4585d21e5688ce3766e5e32.jpg, 1, 0, 0, 0, 0, 0, 0, 0, 0, 0
840_jpg.rf.b4629766a2c283c1f2c35a8b271661ed.jpg, 0, 0, 0, 0, 0, 1, 0, 0, 0, 0
711_jpg.rf.b12900a3bfae40ef029aad2265b348bd.jpg, 0, 1, 0, 0, 0, 0, 0, 0, 0, 0
18_jpg.rf.b1ef2be0c20e760d2cdc575f76e7396f.jpg, 0, 0, 0, 0, 1, 0, 0, 0, 0, 0
500_jpg.rf.b6ec6eb3f65d88e9ffc8531751106861.jpg, 0, 0, 0, 0, 0, 0, 1, 0, 0, 0
664_jpg.rf.b44dfeaea65a7b71db61be030600e881.jpg, 0, 0, 0, 1, 0, 0, 0, 0, 0, 0
211_jpg.rf.b4c9974c5e22adedd56684e41908c9e1.jpg, 0, 0, 0, 0, 0, 0, 0, 0, 1, 0
871_jpg.rf.b573fa49d6d4331b68d884ca8eca4fd9.jpg, 0, 0, 0, 0, 0, 1, 0, 0, 0, 0
739_jpg.rf.b855a4135fb0c3ce26fcac273c5a8dd7.jpg, 0, 1, 0, 0, 0, 0, 0, 0, 0, 0
728_jpg.rf.b6cd600fa29d859938e5cbd0d0a26454.jpg, 0, 1, 0, 0, 0, 0, 0, 0, 0, 0
560_jpg.rf.bb44f9bd537e5ba94585a277e78987d7.jpg, 1, 0, 0, 0, 0, 0, 0, 0, 0, 0
810_jpg.rf.baea4192bc5fdaff2bce45d5278a75ab.jpg, 0, 0, 0, 0, 0, 1, 0, 0, 0, 0
179_jpg.rf.b685d3fc65b0b2d8fe8a46e57b8aa9d5.jpg, 0, 0, 0, 0, 0, 0, 0, 0, 0, 1
22_jpg.rf.b1d52c39ab578b1fdee6f6ac629b0643.jpg, 0, 0, 0, 0, 1, 0, 0, 0, 0, 0
970_jpg.rf.b59aa5ab47c21a7c82a9fbd4a3ac3e1f.jpg, 0, 0, 0, 1, 0, 0, 0, 1, 0, 0
472_jpg.rf.b964462fc57c15eca0280fba88c3b9b1.jpg, 0, 0, 0, 0, 0, 0, 1, 0, 0, 0
791_jpg.rf.be48c2ba023d47690540f9553a13462d.jpg, 0, 1, 0, 0, 0, 0, 0, 0, 0, 0
79_jpg.rf.bce726c538b00dd2ce1f28ec21f01261.jpg, 0, 0, 0, 0, 1, 0, 0, 0, 0, 0
470_jpg.rf.bd293b2974fda58b0dbcdb18afada790.jpg, 0, 0, 0, 0, 0, 0, 1, 0, 0, 0
833_jpg.rf.bc302a713a2783be1547cf143f6abba3.jpg, 0, 0, 0, 0, 0, 1, 0, 0, 0, 0
67_jpg.rf.b69e99c6c39b86fda38d898f27b25e78.jpg, 0, 0, 0, 0, 1, 0, 0, 0, 0, 0
249_jpg.rf.b982c492a51717d553a168344c9a5151.jpg, 0, 0, 0, 0, 0, 0, 0, 0, 1, 0
893_jpg.rf.bf7470e755f22fc36ef7a15c774ba17f.jpg, 0, 0, 0, 0, 0, 1, 0, 0, 0, 0
131_jpg.rf.b9305ecf2fee370b2c369abd4a381a2c.jpg, 0, 0, 0, 0, 0, 0, 0, 0, 0, 1
482_jpg.rf.bed3a14af0a2ffd2247e7add6f9c8710.jpg, 0, 0, 0, 0, 0, 0, 1, 0, 0, 0
231_jpg.rf.bf2a1f9920646ac744ddc6fe705db2fe.jpg, 0, 0, 0, 0, 0, 0, 0, 0, 1, 0
92_jpg.rf.bfb93ed3067526da1320c9cfcd3eb295.jpg, 0, 0, 0, 0, 1, 0, 0, 0, 0, 0
63_jpg.rf.b6e20b982768747f3d2c47e9ac3e1c8a.jpg, 0, 0, 0, 0, 1, 0, 0, 0, 0, 0
200_jpg.rf.beb158beff771b2eed1b60a4820c3a9e.jpg, 0, 0, 0, 0, 0, 0, 0, 0, 0, 1
41_jpg.rf.beb5526da1da502efe0fd74a6fb62726.jpg, 0, 0, 0, 0, 1, 0, 0, 0, 0, 0
311_jpg.rf.c14e3ede4521b22a1e64e7000ba7ffc5.jpg, 0, 0, 1, 0, 0, 0, 0, 0, 0, 0
838_jpg.rf.c02db5591fd98f56e538be32d8c9f9b7.jpg, 0, 0, 0, 0, 0, 1, 0, 0, 0, 0
491_jpg.rf.bfae8efd13a9554f2f4330db1fe27557.jpg, 0, 0, 0, 0, 0, 0, 1, 0, 0, 0
362_jpg.rf.c1996c6e3632a344e78db517a82f38b8.jpg, 0, 0, 1, 0, 0, 0, 0, 0, 0, 0
725_jpg.rf.bfcb165b0b51cef6790e9db57c5bcb6e.jpg, 0, 1, 0, 0, 0, 0, 0, 0, 0, 0
51_jpg.rf.bd36c3d1e67aaf5a96e8818fe55cd073.jpg, 1, 0, 0, 0, 0, 0, 0, 0, 0, 0
370_jpg.rf.c1dd40fc864b7bb20b33e50120347903.jpg, 0, 0, 1, 0, 0, 0, 0, 0, 0, 0
327_jpg.rf.c12edc4fec1abb5d86268a2f5485c999.jpg, 0, 0, 1, 0, 0, 0, 0, 0, 0, 0
843_jpg.rf.c084cace455c4eae65381ae885edd2e5.jpg, 0, 0, 0, 0, 0, 1, 0, 0, 0, 0
591_jpg.rf.c4b40bdd451947ce31d002c721b60bec.jpg, 1, 0, 0, 0, 0, 0, 0, 0, 0, 0
964_jpg.rf.c282d134e910bffdbd07bc61f313e173.jpg, 0, 0, 0, 1, 0, 0, 0, 1, 0, 0
759_jpg.rf.c5946d9e5dcfa74d0820b21afb133b28.jpg, 0, 1, 0, 0, 0, 0, 0, 0, 0, 0
923_jpg.rf.c1a7e82385fda54d200e44db1bb09de7.jpg, 0, 0, 0, 0, 0, 0, 0, 1, 0, 0
417_jpg.rf.c777a3ba9e50e6c463d3e215dcdcfa29.jpg, 0, 0, 0, 0, 0, 0, 1, 0, 0, 0
352_jpg.rf.c884876aab7f02826a68466dd349b7ac.jpg, 0, 0, 1, 0, 0, 0, 0, 0, 0, 0
713_jpg.rf.c506ad21e63df5b5797d21d83b5e534c.jpg, 0, 1, 0, 0, 0, 0, 0, 0, 0, 0
700_jpg.rf.c21c5f31309da3b3b45106789b2df2e6.jpg, 0, 0, 0, 1, 0, 0, 0, 0, 0, 0
358_jpg.rf.c63ea7588387d18c145421f135e885c0.jpg, 0, 0, 1, 0, 0, 0, 0, 0, 0, 0
450_jpg.rf.ca22d8b53fc8f84d530b8d4e29158f30.jpg, 0, 0, 0, 0, 0, 0, 1, 0, 0, 0
918_jpg.rf.c7c1285047cdda84a9fede7e5c89681d.jpg, 0, 0, 0, 0, 0, 0, 0, 1, 0, 0
174_jpg.rf.c74cfdd595dea70810ee5bbfa8c61b81.jpg, 0, 0, 0, 0, 0, 0, 0, 0, 0, 1
69_jpg.rf.c2b4b7f6aad6e431052f5e82e3473771.jpg, 0, 0, 0, 0, 1, 0, 0, 0, 0, 0
818_jpg.rf.c80bd42f3f1af688bae82f74d6af1290.jpg, 0, 0, 0, 0, 0, 1, 0, 0, 0, 0
570_jpg.rf.c631552747ead7ec81e7257070076bcd.jpg, 1, 0, 0, 0, 0, 0, 0, 0, 0, 0
260_jpg.rf.c94b19e2dc774b897805752848c56f04.jpg, 0, 0, 0, 0, 0, 0, 0, 0, 1, 0
860_jpg.rf.c93d3139cd52dc3d74a25719fad6d316.jpg, 0, 0, 0, 0, 0, 1, 0, 0, 0, 0
221_jpg.rf.c4f15162c819814629e1ad8d90ba7e8c.jpg, 0, 0, 0, 0, 0, 0, 0, 0, 1, 0
338_jpg.rf.c9b633eff0abd879848e4f0ce384934a.jpg, 0, 0, 1, 0, 0, 0, 0, 0, 0, 0
207_jpg.rf.ca63ffbd054bf4cc88792c92b15ca58b.jpg, 0, 0, 0, 0, 0, 0, 0, 0, 1, 0
702_jpg.rf.c9e57ec20332499a65a2345189e689c7.jpg, 0, 1, 0, 0, 0, 0, 0, 0, 0, 0
442_jpg.rf.c9c596dd6614c7ff03d43e0c82a4ced6.jpg, 0, 0, 0, 0, 0, 0, 1, 0, 0, 0
277_jpg.rf.cadbd1f495b2944f99bca76e7a5d8efd.jpg, 0, 0, 0, 0, 0, 0, 0, 0, 1, 0
37_jpg.rf.c9802510f7b1bf4d3891ee9f35b9e965.jpg, 0, 0, 0, 0, 1, 0, 0, 0, 0, 0
423_jpg.rf.cacc9d1e069a23499ccfed257104db22.jpg, 0, 0, 0, 0, 0, 0, 1, 0, 0, 0
990_jpg.rf.cb1d999a79e02b7d24949fe097009e55.jpg, 0, 0, 0, 0, 0, 1, 0, 1, 0, 0
793_jpg.rf.ca5970452d6710f8ebd5881f6848c52b.jpg, 0, 1, 0, 0, 0, 0, 0, 1, 0, 0
38_jpg.rf.d101c11a1e1b9c24586cf9bb3c00dbc2.jpg, 0, 0, 0, 0, 1, 0, 0, 0, 0, 0
296_jpg.rf.cf8710cfd4551b96968cd7ccb21c08fa.jpg, 0, 0, 0, 0, 0, 0, 0, 0, 1, 0
82_jpg.rf.cd0ed32da587993cba9c7c31982a8c20.jpg, 0, 0, 0, 0, 1, 0, 0, 0, 0, 0
681_jpg.rf.d0f797aeec955a990c59b0544b8785cd.jpg, 0, 0, 0, 1, 0, 0, 0, 0, 0, 0
146_jpg.rf.cedce523e1b6e076e9ab608877d2ddf6.jpg, 0, 0, 0, 0, 0, 0, 0, 0, 0, 1
654_jpg.rf.d1bff3b22f3de7dd9e5c06e55fb510ce.jpg, 0, 0, 0, 1, 0, 0, 0, 0, 0, 0
155_jpg.rf.cb6a9e01dd53672f4f882de48c508d67.jpg, 0, 0, 0, 0, 0, 0, 0, 0, 0, 1
328_jpg.rf.d064686f7fb1a9a915955348aed1cb80.jpg, 0, 0, 1, 0, 0, 0, 0, 0, 0, 0
907_jpg.rf.d0acd4541900f316bc160a6bd28e1398.jpg, 0, 0, 0, 0, 0, 0, 0, 1, 0, 0
247_jpg.rf.d0bbf54985a969ccdb52225ef0b1eee9.jpg, 0, 0, 0, 0, 0, 0, 0, 0, 1, 0
617_jpg.rf.d20f518cd3d81f12bbe66aa26335a42d.jpg, 0, 0, 0, 1, 0, 0, 0, 0, 0, 0
453_jpg.rf.d0b72acaf92be34318da9320178b69da.jpg, 0, 0, 0, 0, 0, 0, 1, 0, 0, 0
422_jpg.rf.d04a4b5a75c78fecbbf7b3decbe34e56.jpg, 0, 0, 0, 0, 0, 0, 1, 1, 0, 0
887_jpg.rf.d0942e68cdbc7a3e9dbc4a30513c7b91.jpg, 0, 0, 0, 0, 0, 1, 0, 0, 0, 0
97_jpg.rf.ccdd6484662d73eb3ca8366c94c5d0e7.jpg, 0, 0, 0, 0, 1, 0, 0, 0, 0, 0
551_jpg.rf.d4cd95c5a713f02a688bf15c6a1a4585.jpg, 1, 0, 0, 0, 0, 0, 0, 0, 0, 0
730_jpg.rf.d1451213f127cdcdec02c21d9e1c57a7.jpg, 0, 1, 0, 0, 0, 0, 0, 0, 0, 0
597_jpg.rf.d225222b117f53dbb482dd602ac4a88c.jpg, 1, 0, 0, 0, 0, 0, 0, 0, 0, 0
525_jpg.rf.d31924fb8361600e4af72870562516de.jpg, 1, 0, 0, 0, 0, 0, 0, 0, 0, 0
414_jpg.rf.d2bd460db371f00ba7eece791ebd1713.jpg, 0, 0, 0, 0, 0, 0, 1, 0, 0, 0
724_jpg.rf.d339aa54efdd97d224aea8a4b82a1f78.jpg, 0, 1, 0, 0, 0, 0, 0, 0, 0, 0
310_jpg.rf.d4790750144170f839c4c72db96b8ad1.jpg, 0, 0, 1, 0, 0, 0, 0, 0, 0, 0
456_jpg.rf.d4e73e211635ab51f9c4d362ead86a4b.jpg, 0, 0, 0, 0, 0, 0, 1, 0, 0, 0
314_jpg.rf.d4f2bb12fe6939fa54d46a064faaca1c.jpg, 0, 0, 1, 0, 0, 0, 0, 0, 0, 0
309_jpg.rf.d55223d1315350cec29a1435e467b055.jpg, 0, 0, 1, 0, 0, 0, 0, 0, 0, 0
868_jpg.rf.d5cdfd34c5c5aab970b72b7ee12eed34.jpg, 0, 0, 0, 0, 0, 1, 0, 0, 0, 0
856_jpg.rf.d6adfdc82db8f7578d76f1e91912ca58.jpg, 0, 0, 0, 0, 0, 1, 0, 0, 0, 0
447_jpg.rf.d77317e953d77ef0010256bff12b475e.jpg, 0, 0, 0, 0, 0, 0, 1, 0, 0, 0
790_jpg.rf.d4096ec98df1b874a10c0e1e901be711.jpg, 0, 1, 0, 0, 0, 0, 0, 0, 0, 0
160_jpg.rf.da50a77a9d57ad29f0b9af402e55cedc.jpg, 0, 0, 0, 0, 0, 0, 0, 0, 0, 1
546_jpg.rf.d2a50db9b37ae0900628c37b9ac704bc.jpg, 1, 0, 0, 0, 0, 0, 0, 0, 0, 0
977_jpg.rf.d9afabb466b174636dc2df03e280e516.jpg, 0, 0, 0, 1, 0, 0, 0, 1, 0, 0
235_jpg.rf.d8b61925acefe24eeb6e8adccbe9f8d3.jpg, 0, 0, 0, 0, 0, 0, 0, 0, 1, 0
337_jpg.rf.d8f2b2a581024cb78477629f9b46ec81.jpg, 0, 0, 1, 0, 0, 0, 0, 1, 0, 0
251_jpg.rf.dab170e89e59673ce5a56ff01abd317c.jpg, 0, 0, 0, 0, 0, 0, 0, 0, 1, 0
502_jpg.rf.d4d50f2bcd0ddda68957df60c2cb10fd.jpg, 1, 0, 0, 0, 0, 0, 0, 0, 0, 0
148_jpg.rf.d5b4ce0d57749db50843b1b3ebdd66b7.jpg, 0, 0, 0, 0, 0, 0, 0, 0, 0, 1
451_jpg.rf.daa59a8ae8c68907cd0596bc8091d7be.jpg, 0, 0, 0, 0, 0, 0, 1, 0, 0, 0
88_jpg.rf.d9e2f2c217d6ff64f0ae2a2758f8035c.jpg, 0, 0, 0, 0, 1, 0, 0, 0, 0, 0
934_jpg.rf.dca1e504ce4bb2ede61af3edfb84bba9.jpg, 0, 0, 0, 0, 0, 0, 0, 1, 0, 0
259_jpg.rf.dcf3e648fe7e3b2005d524f89b86c2e5.jpg, 0, 0, 0, 0, 0, 0, 0, 0, 1, 0
550_jpg.rf.db6c8cd4c13b77819cfaa2770bba0e8f.jpg, 1, 0, 0, 0, 0, 0, 0, 0, 0, 0
24_jpg.rf.ddd9ffbdd5a329889b99e7a2ee31d772.jpg, 0, 0, 0, 0, 1, 0, 0, 0, 0, 0
343_jpg.rf.de66155dfdb0a8d491637eed2b6c267d.jpg, 0, 0, 1, 0, 0, 0, 0, 0, 0, 0
178_jpg.rf.dd52fbb3d9d681f7fc187fe587aa15c4.jpg, 0, 0, 0, 0, 0, 0, 0, 0, 0, 1
900_jpg.rf.d95a06dce939956c155a0c96b901562e.jpg, 0, 0, 0, 0, 0, 1, 0, 0, 0, 0
58_jpg.rf.d4094d09f299ab3c01c9b46fcdb83f07.jpg, 0, 0, 0, 0, 1, 0, 0, 0, 0, 0
852_jpg.rf.dc2c5640f449387f550f3a04b39a4c8e.jpg, 0, 0, 0, 0, 0, 1, 0, 0, 0, 0
220_jpg.rf.d9bf13a70f9f08bfdb8504fc802dbb5a.jpg, 0, 0, 0, 0, 0, 0, 0, 0, 1, 0
409_jpg.rf.dff6c40af5ba13dffbe37f1e7129247a.jpg, 0, 0, 0, 0, 0, 0, 1, 0, 0, 0
915_jpg.rf.e0a1d4b3e781736d15f8d1778828887d.jpg, 0, 0, 0, 0, 0, 0, 0, 1, 0, 0
937_jpg.rf.de1113d778ff4287734d3136376e8bb1.jpg, 0, 0, 0, 0, 0, 0, 0, 1, 0, 0
594_jpg.rf.dd6a89e140681484c40b919d6cbc60c7.jpg, 1, 0, 0, 0, 0, 0, 0, 0, 0, 0
930_jpg.rf.dfbc119b450e182dbe4f1917da52fb5e.jpg, 0, 0, 0, 0, 0, 0, 0, 1, 0, 0
201_jpg.rf.da71426a11fe9915fa01b5b30f3f9296.jpg, 0, 0, 0, 0, 0, 0, 0, 0, 1, 0
365_jpg.rf.e03a661b967a49b64e3f18cfa121d26f.jpg, 0, 0, 1, 0, 0, 0, 0, 0, 0, 0
881_jpg.rf.dde2348fc85e6fa2fd08d4c77706150e.jpg, 0, 0, 0, 0, 0, 1, 0, 0, 0, 0
922_jpg.rf.dfbc1379a43c6382136f8edea0ccd0f3.jpg, 0, 0, 0, 0, 0, 0, 0, 1, 0, 0
182_jpg.rf.e388d81cf222edf05a009072396ba4ec.jpg, 0, 0, 0, 0, 0, 0, 0, 0, 0, 1
691_jpg.rf.e42a319b75ad455e574db6d784e953b6.jpg, 0, 0, 0, 1, 0, 0, 0, 0, 0, 0
703_jpg.rf.e30ae04fa8325ac7ab82560c0db5fd0b.jpg, 0, 1, 0, 0, 0, 0, 0, 0, 0, 0
78_jpg.rf.e04f4ce032b65eb5d3d362faafe03c21.jpg, 0, 0, 0, 0, 1, 0, 0, 0, 0, 0
317_jpg.rf.e1dcec3559cfe2d3ea1f4ef626763b87.jpg, 0, 0, 1, 0, 0, 0, 0, 0, 0, 0
84_jpg.rf.e17e81e2b3772a07738cb6c5b9c3d851.jpg, 0, 0, 0, 0, 1, 0, 0, 0, 0, 0
731_jpg.rf.dfc299a3aa8fdd4e2ffb4434e746c335.jpg, 0, 1, 0, 0, 0, 0, 0, 0, 0, 0
403_jpg.rf.e47ad8f3170366030813080481e080cf.jpg, 0, 0, 0, 0, 0, 0, 1, 0, 0, 0
553_jpg.rf.e37f14029b92edb193ed563b83496ebe.jpg, 1, 0, 0, 0, 0, 0, 0, 0, 0, 0
559_jpg.rf.e55e09874662865ba30d33ad8d217a76.jpg, 1, 0, 0, 0, 0, 0, 0, 0, 0, 0
972_jpg.rf.e6880fd8861e3d977b27e761ebe3c807.jpg, 0, 0, 0, 1, 0, 0, 0, 1, 0, 0
137_jpg.rf.e60c387aa94ab0915fdba7ae19cf6a14.jpg, 0, 0, 0, 0, 0, 0, 0, 0, 0, 1
555_jpg.rf.e50df88a6efc6853fccaf29093119ff2.jpg, 1, 0, 0, 0, 0, 0, 0, 0, 0, 0
765_jpg.rf.e5233a871ef9106d4af533b185e5dc08.jpg, 0, 1, 0, 0, 0, 0, 0, 0, 0, 0
674_jpg.rf.dd32f4beaf6dc406d160565703657e47.jpg, 0, 0, 0, 1, 0, 0, 0, 0, 0, 0
330_jpg.rf.e1bd2b64f409417b31d7a616eb2cf47b.jpg, 0, 0, 1, 0, 0, 0, 0, 0, 0, 0
590_jpg.rf.e7dc160ac7c60811a9f5df32723d42a3.jpg, 1, 0, 0, 0, 0, 0, 0, 0, 0, 0
959_jpg.rf.e78459566a5f5410b949dc2ee6668ece.jpg, 0, 0, 0, 1, 0, 0, 0, 1, 0, 0
498_jpg.rf.e21fc332e886f26c867b9ea95865885b.jpg, 0, 0, 0, 0, 0, 0, 1, 0, 0, 0
592_jpg.rf.e982bd036f8885d01b6a45c5d2e56c07.jpg, 1, 0, 0, 0, 0, 0, 0, 0, 0, 0
680_jpg.rf.e76a6b272b4dbf01ba02e1c16a2a3b49.jpg, 0, 0, 0, 1, 0, 0, 0, 0, 0, 0
256_jpg.rf.e986d6e9fabea5cc8c4f83e0cfd94c6b.jpg, 0, 0, 0, 0, 0, 0, 0, 0, 1, 0
406_jpg.rf.e99cde4f3c612d58226dcb8b1bfc331f.jpg, 0, 0, 0, 0, 0, 0, 1, 0, 0, 0
519_jpg.rf.e98a804c20a270f3512d6dcd36cead52.jpg, 1, 0, 0, 0, 0, 0, 0, 0, 0, 0
880_jpg.rf.e9baa1e9854240827bcf436b22085690.jpg, 0, 0, 0, 0, 0, 1, 0, 0, 0, 0
651_jpg.rf.eacf52c1de1591557a3f3f38cca63ce3.jpg, 0, 0, 0, 1, 0, 0, 0, 0, 0, 0
623_jpg.rf.ea9e57a90ebe18362dac360f74fe9e93.jpg, 0, 0, 0, 1, 0, 0, 0, 0, 0, 0
620_jpg.rf.eabdfd54fd5166b0c13330c81684fc45.jpg, 0, 0, 0, 1, 0, 0, 0, 0, 0, 0
670_jpg.rf.e849f09646fd1dc2bd094b89aac517f4.jpg, 0, 0, 0, 1, 0, 0, 0, 0, 0, 0
66_jpg.rf.ea22f4c46a89e9af55dc260a7523e641.jpg, 0, 0, 0, 0, 1, 0, 0, 0, 0, 0
707_jpg.rf.ebefa1f750c1f3040161c458237d9c0a.jpg, 0, 1, 0, 0, 0, 0, 0, 0, 0, 0
659_jpg.rf.e73313504b7a5ccf2b633c64e6d76b12.jpg, 0, 0, 0, 1, 0, 0, 0, 0, 0, 0
839_jpg.rf.e71457fec8d7ba64a70a3f31bacf33d9.jpg, 0, 0, 0, 0, 0, 1, 0, 0, 0, 0
308_jpg.rf.e898963e3c35cdb98b1e5b816407f7c3.jpg, 0, 0, 1, 0, 0, 0, 0, 0, 0, 0
508_jpg.rf.eaf0b6ec666e555db3cd00ce3c4bf3b3.jpg, 1, 0, 0, 0, 0, 0, 0, 0, 0, 0
229_jpg.rf.e9d5849efc7a6e990e4dffb81a6479df.jpg, 0, 0, 0, 0, 0, 0, 0, 0, 1, 0
688_jpg.rf.36bb7b2235b3e0e191b204673dd3e943.jpg, 0, 0, 0, 1, 0, 0, 0, 0, 0, 0
157_jpg.rf.371231a432ba22d287a9e334d1207161.jpg, 0, 0, 0, 0, 0, 0, 0, 0, 0, 1
528_jpg.rf.36b422f25b48ba05a3a4d016a8ea3748.jpg, 1, 0, 0, 0, 0, 0, 0, 0, 0, 0
503_jpg.rf.36a28e4361a2594c765577dbb90b9de3.jpg, 1, 0, 0, 0, 0, 0, 0, 0, 0, 0
857_jpg.rf.36635e1165c43fecd45f644263c280f5.jpg, 0, 0, 0, 0, 0, 1, 0, 1, 0, 0
858_jpg.rf.398a4d5806fde856934d0dfc6bc3e764.jpg, 0, 1, 0, 0, 0, 1, 0, 0, 0, 0
114_jpg.rf.363717b6d17967ca972fc20d374491fa.jpg, 0, 0, 0, 0, 0, 0, 0, 0, 0, 1
973_jpg.rf.369c10d5582ad5fb1134a549ee887312.jpg, 0, 0, 0, 0, 0, 1, 0, 1, 0, 0
374_jpg.rf.39a9019548c0e71b2424047977a28ca8.jpg, 0, 0, 1, 0, 0, 0, 0, 0, 0, 0
726_jpg.rf.39c75638b8fb4c907ac8bdb8c6fd0881.jpg, 0, 1, 0, 0, 0, 0, 0, 0, 0, 0
425_jpg.rf.396703a6cad529cdda9c4369bbd60987.jpg, 0, 0, 0, 0, 0, 0, 1, 0, 0, 0
60_jpg.rf.37e409e10f571200a703cf59afa17fa6.jpg, 0, 0, 0, 0, 1, 0, 0, 0, 0, 0
927_jpg.rf.38d57747160211f201626e3daceb4c04.jpg, 0, 0, 0, 0, 0, 0, 0, 1, 0, 0
28_jpg.rf.39cb6f1a48f528032fce54530924f215.jpg, 0, 0, 0, 0, 1, 0, 0, 0, 0, 0
803_jpg.rf.3969925a8222a5e5196ae8fb6a6bbc6c.jpg, 0, 0, 0, 0, 0, 1, 0, 0, 0, 0
842_jpg.rf.3c1b1d99ac05546fadabe22ad164fbb9.jpg, 0, 0, 0, 0, 0, 1, 0, 0, 0, 0
853_jpg.rf.3bbe240c5d510657edf792d7cfd81697.jpg, 0, 0, 0, 0, 0, 1, 0, 0, 0, 0
119_jpg.rf.3c02492df1b43bb3c16abad84182116c.jpg, 0, 0, 0, 0, 0, 0, 0, 0, 0, 1
619_jpg.rf.3d86aa2e4e30b308fe56d6c5c17a9475.jpg, 0, 0, 0, 1, 0, 0, 0, 0, 0, 0
505_jpg.rf.3de2712dc2f491a2a6b683284f0146da.jpg, 1, 0, 0, 0, 0, 0, 0, 0, 0, 0
393_jpg.rf.3cc56e163fcd1f4e01f7621a4b23976b.jpg, 0, 0, 1, 0, 0, 0, 0, 0, 0, 0
646_jpg.rf.3c63f4505db2bcd95ba811c21ad7656f.jpg, 0, 0, 0, 1, 0, 0, 0, 0, 0, 0
3_jpg.rf.41b69ad29431b75fb6748f7fb5f53db0.jpg, 0, 0, 0, 0, 1, 0, 0, 0, 0, 0
698_jpg.rf.3ea913b1ac288700223eb0d0e59c51e6.jpg, 0, 0, 0, 1, 0, 0, 0, 0, 0, 0
147_jpg.rf.3d16c9921a07b0ed77c59b3061f27243.jpg, 0, 0, 0, 0, 0, 0, 0, 0, 0, 1
938_jpg.rf.3dcb41e21b0ed9b5efb8bdc3d2810116.jpg, 0, 0, 0, 0, 0, 0, 0, 1, 0, 0
879_jpg.rf.40cc9cbe5b420bcf382eaa67f1295d27.jpg, 0, 0, 0, 0, 0, 1, 0, 0, 0, 0
65_jpg.rf.40524216fecac8f84cf86bc06af9819f.jpg, 0, 0, 0, 0, 1, 0, 0, 0, 0, 0
548_jpg.rf.4508b1ba2b5163bd1acad96119a63805.jpg, 1, 0, 0, 0, 0, 0, 0, 0, 0, 0
237_jpg.rf.415e8ed6c9b9223870c7ff4f8b6053fb.jpg, 0, 0, 0, 0, 0, 0, 0, 0, 1, 0
704_jpg.rf.3c7f3c7ab90547c8862c293ac9b38336.jpg, 0, 1, 0, 0, 0, 0, 0, 0, 0, 0
905_jpg.rf.4125ffe61fd6497935d94edf45f5c0ba.jpg, 0, 0, 0, 0, 0, 0, 0, 1, 0, 0
712_jpg.rf.4183b7c13dee5d3ec95490a8d8fc977c.jpg, 0, 1, 0, 0, 0, 0, 0, 0, 0, 0
807_jpg.rf.44482f52cb5672c8ddcd35213263d972.jpg, 0, 0, 0, 0, 0, 1, 0, 0, 0, 0
217_jpg.rf.40b1a98ade502ba538972b4b38be3b29.jpg, 0, 0, 0, 0, 0, 0, 0, 0, 1, 0
123_jpg.rf.438158856f36dea0dc7559e236b547c3.jpg, 0, 0, 0, 0, 0, 0, 0, 0, 0, 1
773_jpg.rf.427359c9aad46e74d35066ce824b9b10.jpg, 0, 1, 0, 0, 0, 0, 0, 0, 0, 0
377_jpg.rf.4e2657d1a8269b765b08dcac0586292a.jpg, 0, 0, 1, 0, 0, 0, 0, 1, 0, 0
694_jpg.rf.3f8ba2f5dbd46e3e24aff5d7b4a88928.jpg, 0, 0, 0, 1, 0, 0, 0, 0, 0, 0
577_jpg.rf.4d62dabf4b8fb53c7fb3b9c9c0263fca.jpg, 1, 0, 0, 0, 0, 0, 0, 0, 0, 0
549_jpg.rf.4a04463ffc21304298d883483fa2e036.jpg, 1, 0, 0, 0, 0, 0, 0, 0, 0, 0
760_jpg.rf.461e5c7b5c5b1abedad36b2b6bed668d.jpg, 0, 1, 0, 0, 0, 0, 0, 0, 0, 0
81_jpg.rf.4b0b63418d67db0c04a7298cb7e655e0.jpg, 0, 0, 0, 0, 1, 0, 0, 0, 0, 0
347_jpg.rf.46d11da28385c48d04bebde7421053a5.jpg, 0, 0, 1, 0, 0, 0, 0, 1, 0, 0
371_jpg.rf.4a8629fec71f2d7f0297c92f75b2e36d.jpg, 0, 0, 1, 0, 0, 0, 0, 0, 0, 0
631_jpg.rf.4023b68043967c2784261991cbb6bfcc.jpg, 0, 0, 0, 1, 0, 0, 0, 0, 0, 0
493_jpg.rf.403b6845d2d8f80478fad641c22d3275.jpg, 0, 0, 0, 0, 0, 0, 1, 0, 0, 0
536_jpg.rf.4e58b7e4043259699f8ddf2189e85df8.jpg, 1, 0, 0, 0, 0, 0, 0, 0, 0, 0
897_jpg.rf.4b84910d0071424c07d69e58fac0f647.jpg, 0, 0, 0, 0, 0, 1, 0, 0, 0, 0
430_jpg.rf.4ee0d809ad9814c1f70c1cff80929bb1.jpg, 0, 0, 0, 0, 0, 0, 1, 0, 0, 0
614_jpg.rf.4d219e0a4b5a1df2a84afe6ae3a2d256.jpg, 0, 0, 0, 1, 0, 0, 0, 0, 0, 0
510_jpg.rf.4d0639054791cc482c1805f35fffdf39.jpg, 1, 0, 0, 0, 0, 0, 0, 0, 0, 0
455_jpg.rf.4828f1a97b89d137626cc28175c0de2e.jpg, 0, 0, 0, 0, 0, 0, 1, 0, 0, 0
159_jpg.rf.4c0424c03f4ece5ca7589b857784f085.jpg, 0, 0, 0, 0, 0, 0, 0, 0, 0, 1
635_jpg.rf.4c3e2697a265c238d0df91dde8e8ad79.jpg, 0, 0, 0, 1, 0, 0, 0, 0, 0, 0
849_jpg.rf.473e62b4cae8433f44ad30950fa09231.jpg, 0, 0, 0, 0, 0, 1, 0, 0, 0, 0
316_jpg.rf.4eff5693ec577f62d66737f93f378a85.jpg, 0, 0, 1, 0, 0, 0, 0, 0, 0, 0
386_jpg.rf.48374517613cdac6e3f2416a142aacd5.jpg, 0, 0, 1, 0, 0, 0, 0, 0, 0, 0
187_jpg.rf.44ef61b42c96aa4906d01f3bb0be1b73.jpg, 0, 0, 0, 0, 0, 0, 0, 0, 0, 1
471_jpg.rf.511e92b8948cf20d7ce4baba21e27ecc.jpg, 0, 0, 0, 0, 0, 0, 1, 0, 0, 0
437_jpg.rf.514190b6da1c77c262afd4ab86b85250.jpg, 0, 0, 0, 0, 0, 0, 1, 0, 0, 0
236_jpg.rf.49f4456943457a06d14882e5895d8ace.jpg, 0, 0, 0, 0, 0, 0, 0, 0, 1, 0
931_jpg.rf.488f75dda02b9f6c79267344a2c99085.jpg, 0, 0, 0, 0, 0, 0, 0, 1, 0, 0
149_jpg.rf.5099718a2d5883e70a7b6f9203493b40.jpg, 0, 0, 0, 0, 0, 0, 0, 0, 0, 1
326_jpg.rf.49b3345a26c566c6317bba70f206caf2.jpg, 0, 0, 1, 0, 0, 0, 0, 0, 0, 0
261_jpg.rf.4513aefe6e0987f67886f294846452b0.jpg, 0, 0, 0, 0, 0, 0, 0, 0, 1, 0
504_jpg.rf.508ae73db7377bd96e3c1c9a44dcbf35.jpg, 1, 0, 0, 0, 0, 0, 0, 0, 0, 0
30_jpg.rf.466c8b13b2c56baa741fd425d3cd40e5.jpg, 0, 0, 0, 0, 1, 0, 0, 0, 0, 0
799_jpg.rf.5303b90bdadea1a35b9a4ad371d34f1d.jpg, 0, 1, 0, 0, 0, 0, 0, 0, 0, 0
209_jpg.rf.529ce751f1d4205c015828ef8efeeaa5.jpg, 0, 0, 0, 0, 0, 0, 0, 0, 1, 0
360_jpg.rf.514a342241cc344f546fb8012d6d3e0a.jpg, 0, 0, 1, 0, 0, 0, 0, 0, 0, 0
13_jpg.rf.5086b565e7bf4eb9012048a8c580513d.jpg, 0, 0, 0, 0, 1, 0, 0, 0, 0, 0
618_jpg.rf.534276451c5e914ddc8e4c5e345a481f.jpg, 0, 0, 0, 1, 0, 0, 0, 0, 0, 0
801_jpg.rf.524fbcc14bdb7a2279803072860603fe.jpg, 0, 0, 0, 0, 0, 1, 0, 0, 0, 0
444_jpg.rf.559358ebfc0e7100bc4c570df4295db6.jpg, 0, 0, 0, 0, 0, 0, 1, 0, 0, 0
127_jpg.rf.53359ed88829f3fe752bee2747481d82.jpg, 0, 0, 0, 0, 0, 0, 0, 0, 0, 1
647_jpg.rf.556a80b0b375e5d376f1f27861b8e397.jpg, 0, 0, 0, 1, 0, 0, 0, 0, 0, 0
262_jpg.rf.53a16c996ddea4dc26cce3ab4b41ab3b.jpg, 0, 0, 0, 0, 0, 0, 0, 0, 1, 0
804_jpg.rf.5135b45c57b771fee3c79689b4fd09c1.jpg, 0, 0, 0, 0, 0, 1, 0, 0, 0, 0
608_jpg.rf.550bb768f142dfd2368db45c84c890ee.jpg, 0, 0, 0, 1, 0, 0, 0, 0, 0, 0
342_jpg.rf.560b1d68d04b5d994dec63d7adb32bef.jpg, 0, 0, 1, 0, 0, 0, 0, 0, 0, 0
19_jpg.rf.5629973c9be647d0cc360963d11c273b.jpg, 0, 0, 0, 0, 1, 0, 0, 0, 0, 0
242_jpg.rf.553d1ca40ecd4e0a947b4d6c7cb2c862.jpg, 0, 0, 0, 0, 0, 0, 0, 0, 1, 0
507_jpg.rf.5340f87eda29fb3f859c408548c304d2.jpg, 1, 0, 0, 0, 0, 0, 0, 0, 0, 0
527_jpg.rf.55c5a3adb29e0f09ed8844317bb712b7.jpg, 1, 0, 0, 0, 0, 0, 0, 0, 0, 0
787_jpg.rf.565b01e10693b634e1e61ffe827c1f75.jpg, 0, 1, 0, 0, 0, 0, 0, 1, 0, 0
611_jpg.rf.57ec9ad521c4e3b2ccc35473c8b7f64c.jpg, 0, 0, 0, 1, 0, 0, 0, 0, 0, 0
77_jpg.rf.586a9d659c0b5af11c2349cec3bfbcfe.jpg, 0, 0, 0, 0, 1, 0, 0, 0, 0, 0
144_jpg.rf.55685c66554f989768a8af764ba9764b.jpg, 0, 0, 0, 0, 0, 0, 0, 0, 0, 1
951_jpg.rf.55d1e81eb5db51f024551e3d47a50dfd.jpg, 0, 0, 0, 0, 0, 0, 0, 1, 0, 0
459_jpg.rf.587cd8f686847849ebbc2fcfc9491dcb.jpg, 0, 0, 0, 0, 0, 0, 1, 0, 0, 0
45_jpg.rf.5b0e068430eeeb1e7e777e7b3aff3bbc.jpg, 0, 0, 0, 0, 1, 0, 0, 0, 0, 0
70_jpg.rf.5a205646b748764cff2f7ca61e09cd2e.jpg, 0, 0, 0, 0, 1, 0, 0, 0, 0, 0
284_jpg.rf.56b3d0a80b5c997861177b1766be7e78.jpg, 0, 0, 0, 0, 0, 0, 0, 0, 1, 0
827_jpg.rf.5a4a94b85ddfc6fa6321732595ebc9ae.jpg, 0, 0, 0, 0, 0, 1, 0, 0, 0, 0
862_jpg.rf.56c9df746553547a0dd3cd11f33091a9.jpg, 0, 0, 0, 0, 0, 1, 0, 0, 0, 0
25_jpg.rf.5a87aa5ec255af6146f371199ea166dc.jpg, 0, 0, 0, 0, 1, 0, 0, 0, 0, 0
650_jpg.rf.5931eb3f793caa15266e5881f3fa2a72.jpg, 0, 0, 0, 1, 0, 0, 0, 0, 0, 0
657_jpg.rf.5b8f5b8332a8be10e675663cde10c020.jpg, 0, 0, 0, 1, 0, 0, 0, 0, 0, 0
385_jpg.rf.5af86a778d75cde2fc49c75fdd5b8a8e.jpg, 0, 0, 1, 0, 0, 0, 0, 0, 0, 0
988_jpg.rf.5982b61fae957cb66035bd0b1200f2b3.jpg, 0, 0, 0, 0, 0, 1, 0, 1, 0, 0
533_jpg.rf.5bc0b5606df3f6a6611d45470e13920d.jpg, 1, 0, 0, 0, 0, 0, 0, 0, 0, 0
906_jpg.rf.5bed11b0ad997ffc067eeb9927b8680a.jpg, 0, 0, 0, 0, 0, 0, 0, 1, 0, 0
135_jpg.rf.5cadbd2d9f84a02fbaf0e760f33029e7.jpg, 0, 0, 0, 0, 0, 0, 0, 0, 0, 1
656_jpg.rf.5ae0721c912b343ca4b15b2afee1e985.jpg, 0, 0, 0, 1, 0, 0, 0, 0, 0, 0
461_jpg.rf.5d47125993c6c6e57aee24784af8270e.jpg, 0, 0, 0, 0, 0, 0, 1, 0, 0, 0
675_jpg.rf.5d6e4b040ab065bbe830117118b0625e.jpg, 0, 0, 0, 1, 0, 0, 0, 0, 0, 0
35_jpg.rf.5d2ed1cb09e76030ce7fb3cf3170181c.jpg, 0, 0, 0, 0, 1, 0, 0, 0, 0, 0
61_jpg.rf.5e44ac59ba7737605de31b41f3eeb1d5.jpg, 0, 0, 0, 0, 1, 0, 0, 0, 0, 0
845_jpg.rf.5afba6d44499dd1ae530cb61f3f77a14.jpg, 0, 0, 0, 0, 0, 1, 0, 1, 0, 0
566_jpg.rf.604435499cabade62a5b06d4df60b9f7.jpg, 1, 0, 0, 0, 0, 0, 0, 0, 0, 0
26_jpg.rf.5c60c8295bbc28947c6a1fca2ae350c9.jpg, 0, 0, 0, 0, 1, 0, 0, 0, 0, 0
286_jpg.rf.59dc09ec0a3912a159b47e0463d08df7.jpg, 0, 0, 0, 0, 0, 0, 0, 0, 1, 0
297_jpg.rf.59bce5952db010d2876975db27bb1af2.jpg, 0, 0, 0, 0, 0, 0, 0, 0, 1, 0
817_jpg.rf.5cc566f94c8845e09b56588b15de635f.jpg, 0, 0, 0, 0, 0, 1, 0, 0, 0, 0
48_jpg.rf.610f0bcf2ac6d46e77e84a70991cab14.jpg, 0, 0, 0, 0, 1, 0, 0, 0, 0, 0
574_jpg.rf.60f1a6fe3bc91badfcbdda9bfaa64d51.jpg, 1, 0, 0, 0, 0, 0, 0, 0, 0, 0
432_jpg.rf.5eeb8ebdf967c936c8d056a91f31840c.jpg, 0, 0, 0, 0, 0, 0, 1, 0, 0, 0
949_jpg.rf.5e3a8457ea7ebcf517de3d99d6425fb1.jpg, 0, 0, 0, 0, 0, 0, 0, 1, 0, 0
227_jpg.rf.633cdc19bbfd70029e50c2f8d350d352.jpg, 0, 0, 0, 0, 0, 0, 0, 0, 1, 0
537_jpg.rf.5f4d7c40d235d3ed8c516caf60d81892.jpg, 1, 0, 0, 0, 0, 0, 0, 0, 0, 0
729_jpg.rf.5ef420bfda97defc94530db3f21c18be.jpg, 0, 1, 0, 0, 0, 0, 0, 0, 0, 0
913_jpg.rf.5f4c580d7c7f52b9be3d3024bd0eeb4b.jpg, 0, 0, 0, 0, 0, 0, 0, 1, 0, 0
74_jpg.rf.611091e34893deb824c1ad2be033aed1.jpg, 0, 0, 0, 0, 1, 0, 0, 0, 0, 0
531_jpg.rf.645031d756c237a099f126010cdbaf2a.jpg, 1, 0, 0, 0, 0, 0, 0, 0, 0, 0
345_jpg.rf.65002bc82f6a45b326c972ddba17f02f.jpg, 0, 0, 1, 0, 0, 0, 0, 0, 0, 0
495_jpg.rf.5ef17da01b5a09f3e97c682f608b9b02.jpg, 0, 0, 0, 0, 0, 0, 1, 0, 0, 0
819_jpg.rf.61a98e3b1ed79f8af21f198a342e79e7.jpg, 0, 0, 0, 0, 0, 1, 0, 0, 0, 0
968_jpg.rf.5dc41c5e78751e7dc7d3278da70eb506.jpg, 0, 0, 0, 1, 0, 0, 0, 1, 0, 0
454_jpg.rf.61ce0b7baff066453a742259467435b3.jpg, 0, 0, 0, 0, 0, 0, 1, 0, 0, 0
770_jpg.rf.66b5af419bcc4c99c47e75711915b634.jpg, 0, 1, 0, 0, 0, 0, 0, 0, 0, 0
983_jpg.rf.61e26b5d69db8dcc84477c96ee3663e5.jpg, 0, 0, 0, 0, 0, 1, 0, 1, 0, 0
73_jpg.rf.652a14bae3d7ac34687c2c6992471f8f.jpg, 0, 0, 0, 0, 1, 0, 0, 0, 0, 0
875_jpg.rf.655fa1f5518864576e4ee3fb73ea1626.jpg, 0, 0, 0, 0, 0, 1, 0, 0, 0, 0
588_jpg.rf.6469d3acbf6ed5ec5edc9e557c63fd89.jpg, 1, 0, 0, 0, 0, 0, 0, 0, 0, 0
391_jpg.rf.67bd84fbd1f458de0885a96a55d09c6b.jpg, 0, 0, 1, 0, 0, 0, 0, 0, 0, 0
89_jpg.rf.67fdb6fa2bcca28ff39f77889f0260b6.jpg, 0, 0, 0, 0, 1, 0, 0, 0, 0, 0
932_jpg.rf.6780371c61d6694c6e488ee3f82041b5.jpg, 0, 0, 0, 0, 0, 0, 0, 1, 0, 0
306_jpg.rf.65acbb7434c2df371bb666cc59cf910f.jpg, 0, 0, 1, 0, 0, 0, 0, 0, 0, 0
911_jpg.rf.61ab3a293dfed48946aa0ffc607bbe82.jpg, 0, 0, 0, 0, 0, 0, 0, 1, 0, 0
622_jpg.rf.646898f54c73cc52b91ef23b9f461bed.jpg, 0, 0, 0, 1, 0, 0, 0, 0, 0, 0
823_jpg.rf.66ad1c41b6b37deb29312cb7cddfe0fe.jpg, 0, 0, 0, 0, 0, 1, 0, 0, 0, 0
987_jpg.rf.6850d92565a64138046b228580837214.jpg, 0, 0, 0, 0, 0, 1, 0, 1, 0, 0
300_jpg.rf.6850d66ca76896b964b5f8cb30ece300.jpg, 0, 0, 0, 0, 0, 0, 0, 0, 1, 0
487_jpg.rf.6ea95a813d000c367b5b9c05f8616e55.jpg, 0, 0, 0, 0, 0, 0, 1, 1, 0, 0
381_jpg.rf.67a3f614d46c9b1b185e981970394b16.jpg, 0, 0, 1, 0, 0, 0, 0, 0, 0, 0
580_jpg.rf.6934356f36eb81622ee12b57f535b34e.jpg, 1, 0, 0, 0, 0, 0, 0, 0, 0, 0
280_jpg.rf.6e8bd91db13da71b3f85b069ecc20c5d.jpg, 0, 0, 0, 0, 0, 0, 0, 0, 1, 0
416_jpg.rf.6e0d9faac1b9d4fcd507225bb5795f34.jpg, 0, 0, 0, 0, 0, 0, 1, 0, 0, 0
976_jpg.rf.686772fbbffa5ca0ea20e289b4264896.jpg, 0, 0, 0, 1, 0, 0, 0, 1, 0, 0
538_jpg.rf.67ecac12223f68c3b4bb7ca4c3048f05.jpg, 1, 0, 0, 0, 0, 0, 0, 0, 0, 0
109_jpg.rf.6e9b0fde2ae3722bb07d25a36c81d70f.jpg, 0, 0, 0, 0, 0, 0, 0, 0, 0, 1
90_jpg.rf.6b21c53a77df75e584423ac344eb9e0e.jpg, 0, 0, 0, 0, 1, 0, 0, 0, 0, 0
419_jpg.rf.6e673f78208160d0efc148e30b880fc6.jpg, 0, 0, 0, 0, 0, 0, 1, 0, 0, 0
462_jpg.rf.6ea06278281a8d3c50c99f5720879d8f.jpg, 0, 0, 0, 0, 0, 0, 1, 0, 0, 0
767_jpg.rf.6e98c6110e5f3309b3ee00b12f8cbf40.jpg, 0, 1, 0, 0, 0, 0, 0, 0, 0, 0
579_jpg.rf.6ea9bf8f1a726d020f42f42704a552d1.jpg, 1, 0, 0, 0, 0, 0, 0, 0, 0, 0
196_jpg.rf.6eae09393aad3334fd1f40065dc46a9f.jpg, 0, 0, 0, 0, 0, 0, 0, 0, 0, 1
481_jpg.rf.6bd31d29393b07de1b164bc31a6cabd9.jpg, 0, 0, 0, 0, 0, 0, 1, 0, 0, 0
264_jpg.rf.6eafe87ecfd4f7ded359a9a71968489a.jpg, 0, 0, 0, 0, 0, 0, 0, 0, 1, 0
46_jpg.rf.6940a8ae1f001bc82a58f9b43f51dac1.jpg, 0, 0, 0, 0, 1, 0, 0, 0, 0, 0
722_jpg.rf.6f6b99ebf92c5cdd4523a5da97c45031.jpg, 0, 1, 0, 0, 0, 0, 0, 0, 0, 0
474_jpg.rf.7121bd0fd2172935d1abe44a963788e8.jpg, 0, 0, 0, 0, 0, 0, 1, 0, 0, 0
283_jpg.rf.73192348a1056f052a98f696c9c8211b.jpg, 0, 0, 0, 0, 0, 0, 0, 0, 1, 0
431_jpg.rf.72b0fd4c7d81fc338d1640a88a6c5fd6.jpg, 0, 0, 0, 0, 0, 0, 1, 0, 0, 0
290_jpg.rf.715bbf359a89dcd553ed175bb42443b1.jpg, 0, 0, 0, 0, 0, 0, 0, 0, 1, 0
805_jpg.rf.735f5b0bb831ca35a4be8e4bd576df40.jpg, 0, 0, 0, 0, 0, 1, 0, 0, 0, 0
400_jpg.rf.6ede0f39bee26f70b29c2525fa3257c1.jpg, 0, 0, 1, 0, 0, 0, 0, 0, 0, 0
855_jpg.rf.71866f3f79e783c4c4756f4a8ce63d05.jpg, 0, 0, 0, 0, 0, 1, 0, 0, 0, 0
494_jpg.rf.7418e4354b6f74f8b3b707becfed1c66.jpg, 0, 0, 0, 0, 0, 0, 1, 0, 0, 0
605_jpg.rf.71e5031e84cd75f012dfe4d00dd75049.jpg, 0, 0, 0, 1, 0, 0, 0, 0, 0, 0
161_jpg.rf.7464086e813f108700e024df9df5cd6f.jpg, 0, 0, 0, 0, 0, 0, 0, 0, 0, 1
218_jpg.rf.7302dbf99e4950ed1f651aeafecf4eb2.jpg, 0, 0, 0, 0, 0, 0, 0, 0, 1, 0
985_jpg.rf.74af1ceb2fe3417a06fa9d90b0dcb963.jpg, 0, 0, 0, 0, 0, 1, 0, 1, 0, 0
307_jpg.rf.766e110c22d30a21238d31acc9008680.jpg, 0, 0, 1, 0, 0, 0, 0, 0, 0, 0
219_jpg.rf.762979fd89bc016a10f1eb1a2b421155.jpg, 0, 0, 0, 0, 0, 0, 0, 0, 1, 0
15_jpg.rf.6c2432e5d31d45b45df5bf041d23c414.jpg, 0, 0, 0, 0, 1, 0, 0, 0, 0, 0
539_jpg.rf.7811e51cc27394ea9b84fa024d97167a.jpg, 1, 0, 0, 0, 0, 0, 0, 0, 0, 0
210_jpg.rf.76af64785f1654ccabb5c002806cdea0.jpg, 0, 0, 0, 0, 0, 0, 0, 0, 1, 0
100_jpg.rf.74b204ede0834a099f56a41742941027.jpg, 0, 0, 0, 0, 1, 0, 0, 0, 0, 0
138_jpg.rf.77f1a4f81c802a4a1a30213c56d7b3dc.jpg, 0, 0, 0, 0, 0, 0, 0, 0, 0, 1
599_jpg.rf.798216e500e07ea59f04142d2b77af38.jpg, 1, 0, 0, 0, 0, 0, 0, 0, 0, 0
294_jpg.rf.770d47e2aa097a6bb90463078777346e.jpg, 0, 0, 0, 0, 0, 0, 0, 0, 1, 0
361_jpg.rf.79cfbb33c1978c7ae9d9e1d4412ee676.jpg, 0, 0, 1, 0, 0, 0, 0, 0, 0, 0
21_jpg.rf.7949b63149343112aec04c87e290a043.jpg, 0, 0, 0, 0, 1, 0, 0, 0, 0, 0
755_jpg.rf.7d62dcee6284a2e8d6cb32a5290155bd.jpg, 0, 1, 0, 0, 0, 0, 0, 0, 0, 0
554_jpg.rf.78f0f73220183d307da9d6f678038660.jpg, 1, 0, 0, 0, 0, 0, 0, 0, 0, 0
962_jpg.rf.7b7a7dc6d6082858ddae17af76ce7eca.jpg, 0, 0, 0, 1, 0, 0, 0, 0, 0, 0
485_jpg.rf.7d3e1a8cbcdb5812bda461aa7902d577.jpg, 0, 0, 0, 0, 0, 0, 1, 0, 0, 0
335_jpg.rf.7c56cb2dcc4607cc24a87bfe173aeb57.jpg, 0, 0, 1, 0, 0, 0, 0, 0, 0, 0
908_jpg.rf.7e653cf62553cdb52c11aee67507ab32.jpg, 0, 0, 0, 0, 0, 0, 0, 1, 0, 0
562_jpg.rf.7c4f1963f18fe2d4874335caf84c3797.jpg, 1, 0, 0, 0, 0, 0, 0, 0, 0, 0
318_jpg.rf.7f4b7c3b34bd339e3a58951b85458a68.jpg, 0, 0, 1, 0, 0, 0, 0, 0, 0, 0
212_jpg.rf.7e3fa5720fbb50e0654d549983396571.jpg, 0, 0, 0, 0, 0, 0, 0, 0, 1, 0
662_jpg.rf.7de00a66af97a4286f66de22c00cd85f.jpg, 0, 0, 0, 1, 0, 0, 0, 0, 0, 0
824_jpg.rf.7cf6673d9e9d486b9160d13f145407e2.jpg, 0, 0, 0, 0, 0, 1, 0, 0, 0, 0
825_jpg.rf.7f24ee6a94b821130af33f3a963665fe.jpg, 0, 0, 0, 0, 0, 1, 0, 0, 0, 0
743_jpg.rf.7b045a94de980939c4eea86bdb31028a.jpg, 0, 1, 0, 0, 0, 0, 0, 1, 0, 0
254_jpg.rf.7f94dfbc535f3284eecb8f5119bb42d5.jpg, 0, 0, 0, 0, 0, 0, 0, 0, 1, 0
829_jpg.rf.7e14ba1fbeda0afafc785df94e653259.jpg, 0, 0, 0, 0, 0, 1, 0, 0, 0, 0
302_jpg.rf.7d11bc3ff3bcbabb407416cf2161d223.jpg, 0, 0, 1, 0, 0, 0, 0, 0, 0, 0
467_jpg.rf.7d9f70fe994c0fabe71e13cddc2b0b20.jpg, 0, 0, 0, 0, 0, 0, 1, 1, 0, 0
172_jpg.rf.7f85edb879cbd376f1dcb634264763bc.jpg, 0, 0, 0, 0, 0, 0, 0, 0, 0, 1
980_jpg.rf.809bc2e7ae23add3c8bb51d3344f2e8a.jpg, 1, 0, 0, 0, 0, 0, 0, 1, 0, 0
380_jpg.rf.8070f8e64025aaf9d7878862436d6918.jpg, 0, 0, 1, 0, 0, 0, 0, 1, 0, 0
14_jpg.rf.80709ce83fbc374b7e75109d794a5a92.jpg, 0, 0, 0, 0, 1, 0, 0, 0, 0, 0
692_jpg.rf.805cc115bfc4dfa44f14f9efc36079bd.jpg, 0, 0, 0, 1, 0, 0, 0, 0, 0, 0
841_jpg.rf.7f7f5898468fcbd810ad21d6beaaf319.jpg, 0, 0, 0, 0, 0, 1, 0, 0, 0, 0
886_jpg.rf.80c9b15cbd908592da1d9e5cbc43d6e4.jpg, 0, 0, 0, 0, 0, 1, 0, 0, 0, 0
85_jpg.rf.805febb7476ac615ba17dd2663bbe130.jpg, 0, 0, 0, 0, 1, 0, 0, 0, 0, 0
663_jpg.rf.81639a721e7bd2d06b997ea0628f7f78.jpg, 0, 0, 0, 1, 0, 0, 0, 0, 0, 0
952_jpg.rf.804d56926dbd802209417804966dbd9a.jpg, 0, 0, 0, 0, 0, 0, 0, 1, 0, 0
517_jpg.rf.833113a12236ac4e841cb8ec80c474c7.jpg, 1, 0, 0, 0, 0, 0, 0, 0, 0, 0
392_jpg.rf.8237250184fb4b4c7d829782b1e70430.jpg, 0, 0, 1, 0, 0, 0, 0, 0, 0, 0
54_jpg.rf.80e3780dcebddaf435c7a44b50e899d3.jpg, 0, 0, 0, 0, 1, 0, 0, 0, 0, 0
947_jpg.rf.86eee805c447c202ab82a9d7e76ff9ba.jpg, 0, 0, 0, 0, 0, 0, 0, 1, 0, 0
899_jpg.rf.833ecc78f1028a2a26c1f9df2e15e441.jpg, 0, 0, 0, 0, 0, 1, 0, 0, 0, 0
433_jpg.rf.8103173980946524ade262e35f82dbcf.jpg, 0, 0, 0, 0, 0, 0, 1, 0, 0, 0
921_jpg.rf.86c6ef4c92d27f18d40de75718a54e8e.jpg, 0, 0, 0, 0, 0, 0, 0, 1, 0, 0
348_jpg.rf.828218f28936da56ed361eba95f93eb2.jpg, 0, 0, 1, 0, 0, 0, 0, 0, 0, 0
753_jpg.rf.836a6655402fc954256ef46eb46ad841.jpg, 0, 1, 0, 0, 0, 0, 0, 0, 0, 0
34_jpg.rf.829644d0867413a5f93b1eabba850d8b.jpg, 0, 0, 0, 0, 1, 0, 0, 0, 0, 0
152_jpg.rf.83d32bb9057d53e6074159b00a974965.jpg, 0, 0, 0, 0, 0, 0, 0, 0, 0, 1
660_jpg.rf.86cb13a787ec6c7708159bd504a20750.jpg, 0, 0, 0, 1, 0, 0, 0, 0, 0, 0
953_jpg.rf.87e2fdd4bd8ad08548d3cd5d15e32576.jpg, 0, 0, 0, 1, 0, 0, 0, 1, 0, 0
496_jpg.rf.86841ba9c93c9791034db4ea998b5646.jpg, 0, 0, 0, 0, 0, 0, 1, 0, 0, 0
568_jpg.rf.8614597b5b00d9ca94ec5e1f9f9d5731.jpg, 1, 0, 0, 0, 0, 0, 0, 0, 0, 0
944_jpg.rf.87f859cd401e6bcc329f1e4e410cb311.jpg, 0, 0, 0, 0, 0, 0, 0, 1, 0, 0
139_jpg.rf.87870995488cbf800d3b5d1ca648a1f0.jpg, 0, 0, 0, 0, 0, 0, 0, 0, 0, 1
890_jpg.rf.8a915e7d85a7dace857641da53f99516.jpg, 0, 0, 0, 0, 0, 1, 0, 0, 0, 0
440_jpg.rf.893c3e1c485f2c6d527f177373db30a1.jpg, 0, 0, 0, 0, 0, 0, 1, 0, 0, 0
115_jpg.rf.89702d5262304a89d9a7e96cda78feb6.jpg, 0, 0, 0, 0, 0, 0, 0, 0, 0, 1
815_jpg.rf.8c74df131691c5671b8cc2bc0c762ff7.jpg, 0, 0, 0, 0, 0, 1, 0, 0, 0, 0
10_jpg.rf.880b1bdec1500169ae9be5c3c1d11137.jpg, 0, 0, 0, 0, 1, 0, 0, 0, 0, 0
17_jpg.rf.8539ff979c50b05390467948bc096bde.jpg, 0, 0, 0, 0, 1, 0, 0, 0, 0, 0
642_jpg.rf.8755dbf85c7d0129795a76030c04306a.jpg, 0, 0, 0, 1, 0, 0, 0, 0, 0, 0
150_jpg.rf.886cf67a91f0277a890929548dcbe780.jpg, 0, 0, 0, 0, 0, 0, 0, 0, 0, 1
658_jpg.rf.8dd8c9aa802b51ab48cb938e953378b1.jpg, 0, 0, 0, 1, 0, 0, 0, 0, 0, 0
974_jpg.rf.8b45fe45940b6cec8dae4bdfbe2ec573.jpg, 1, 0, 0, 0, 0, 0, 0, 1, 0, 0
587_jpg.rf.8b49a3d6ee8d1548952eac1ffc3b1452.jpg, 1, 0, 0, 0, 0, 0, 0, 0, 0, 0
957_jpg.rf.86f92e1875e7fc781c93c6f36032d996.jpg, 0, 0, 0, 1, 0, 0, 0, 1, 0, 0
909_jpg.rf.8d17618db918b44d4b59a391bc24dca7.jpg, 0, 0, 0, 0, 0, 0, 0, 1, 0, 0
846_jpg.rf.8e813d76ee74da3e3c8f0193918b078e.jpg, 0, 0, 0, 0, 0, 1, 0, 0, 0, 0
758_jpg.rf.889becb2f4d8e6afbe8f16ad32fd9b0c.jpg, 0, 1, 0, 0, 0, 0, 0, 0, 0, 0
671_jpg.rf.8eec36bd31293234fdd17822b071007c.jpg, 0, 0, 0, 1, 0, 0, 0, 1, 0, 0
771_jpg.rf.8a99c01cf1c0abf5b07bd4959efc6723.jpg, 0, 1, 0, 0, 0, 0, 0, 0, 0, 0
181_jpg.rf.8e3062331cd96a42b96d57fde0254834.jpg, 0, 0, 0, 0, 0, 0, 0, 0, 0, 1
898_jpg.rf.8f2d0bb893a7597dd348c6a96d2a00c8.jpg, 0, 0, 0, 0, 0, 1, 0, 0, 0, 0
616_jpg.rf.8ebe788dc92acd8ab45d510814aeb743.jpg, 0, 0, 0, 1, 0, 0, 0, 0, 0, 0
4_jpg.rf.8ea59f63f093c5f535ff4449da7ddc98.jpg, 0, 0, 0, 0, 1, 0, 0, 0, 0, 0
271_jpg.rf.ec6c3690db9acd1f7ace2463b9e04a9b.jpg, 0, 0, 0, 0, 0, 0, 0, 0, 1, 0
250_jpg.rf.ed2f2346af9c14ab4cdbc4a4c0642cd8.jpg, 0, 0, 0, 0, 0, 0, 0, 0, 1, 0
999_jpg.rf.ed68108e306515bef4dae44c29394721.jpg, 0, 0, 0, 0, 0, 0, 1, 1, 0, 0
359_jpg.rf.ed95a9f40bb995085074df35cf31334f.jpg, 0, 0, 1, 0, 0, 0, 0, 1, 0, 0
98_jpg.rf.ef1cbb0a984fe1be55fa2298680da603.jpg, 0, 0, 0, 0, 1, 0, 0, 0, 0, 0
822_jpg.rf.ec7f61eacf9445e957a14e9f5e1550fa.jpg, 0, 0, 0, 0, 0, 1, 0, 0, 0, 0
971_jpg.rf.ef265fe5211f1bf5c9518814fb24e59b.jpg, 0, 0, 0, 1, 0, 0, 0, 1, 0, 0
116_jpg.rf.ecab747632ab42a57cccfeb06d6bbebc.jpg, 0, 0, 0, 0, 0, 0, 0, 0, 0, 1
734_jpg.rf.ee3421a54c568138c18980cd4c1b3a64.jpg, 0, 1, 0, 0, 0, 0, 0, 0, 0, 0
640_jpg.rf.ef7c517c08ddc17b9536439d66baa8e7.jpg, 0, 0, 0, 1, 0, 0, 0, 0, 0, 0
141_jpg.rf.ef3b975f08470dab067ee2b9fa48d5e4.jpg, 0, 0, 0, 0, 0, 0, 0, 0, 0, 1
341_jpg.rf.f04664a959cea735f257712c4d6aae69.jpg, 0, 0, 1, 0, 0, 0, 0, 0, 0, 0
882_jpg.rf.f218b8f7667cf3e4c05088488852688a.jpg, 0, 0, 0, 0, 0, 1, 0, 0, 0, 0
655_jpg.rf.f1134bf42fa25e1b3762a037acdb36de.jpg, 0, 0, 0, 1, 0, 0, 0, 0, 0, 0
511_jpg.rf.f0cab51d61012391fdf479165576ce4c.jpg, 1, 0, 0, 0, 0, 0, 0, 0, 0, 0
612_jpg.rf.ef7f40e6d6c019bb68f9c4db79db9dc0.jpg, 0, 0, 0, 1, 0, 0, 0, 0, 0, 0
404_jpg.rf.f2374640d39357e1fc754a35ba9e71b1.jpg, 0, 0, 0, 0, 0, 0, 1, 0, 0, 0
319_jpg.rf.f269f0e80573997b2603e3cf2e9b3422.jpg, 0, 0, 1, 0, 0, 0, 0, 0, 0, 0
851_jpg.rf.f182b9197c9dfa6155b07176949e763a.jpg, 0, 0, 0, 0, 0, 1, 0, 0, 0, 0
401_jpg.rf.f15e99c848f09c6c11597f6fc0fb9de2.jpg, 0, 0, 0, 0, 0, 0, 1, 0, 0, 0
888_jpg.rf.f4b63db419d96b73e53ba522762859b3.jpg, 0, 0, 0, 0, 0, 1, 0, 0, 0, 0
867_jpg.rf.f4592e28067b5b16f9461041439024f5.jpg, 0, 0, 0, 0, 0, 1, 0, 0, 0, 0
777_jpg.rf.f1aa7bb8fd4e84a56dd3db79c4730e14.jpg, 0, 1, 0, 0, 0, 0, 0, 0, 0, 0
535_jpg.rf.f4b78419b703f3f8ee9d5d031cf393f8.jpg, 1, 0, 0, 0, 0, 0, 0, 0, 0, 0
279_jpg.rf.f3679ab2890c702d7692e279a886ddd3.jpg, 0, 0, 0, 0, 0, 0, 0, 0, 1, 0
42_jpg.rf.f4a45d60e8d0c22fe2cabc25e0459344.jpg, 0, 0, 0, 0, 1, 0, 0, 0, 0, 0
837_jpg.rf.f2ad2bd21cde662df03572a27cb6a0b4.jpg, 0, 0, 0, 0, 0, 1, 0, 0, 0, 0
542_jpg.rf.f7f45ce4ee03716aef41521fafa4aa3d.jpg, 1, 0, 0, 0, 0, 0, 0, 0, 0, 0
876_jpg.rf.f416c6ce327f04cb8ec71e715eb74cf8.jpg, 0, 0, 0, 0, 0, 1, 0, 0, 0, 0
643_jpg.rf.f4e3401a439aab4716aeca9cd8bf1d60.jpg, 0, 0, 0, 1, 0, 0, 0, 0, 0, 0
274_jpg.rf.fa8196e59e3142504eca3931afd00744.jpg, 0, 0, 0, 0, 0, 0, 0, 0, 1, 0
426_jpg.rf.fa93e1e0951617e7513cf57d5bf66e2f.jpg, 0, 0, 0, 0, 0, 0, 1, 0, 0, 0
167_jpg.rf.fff1ba8e62b3e3218259cccb3310a23e.jpg, 0, 0, 0, 0, 0, 0, 0, 0, 0, 1
682_jpg.rf.fa0874f144baa0175a2ecedb8f895a2c.jpg, 0, 0, 0, 1, 0, 0, 0, 0, 0, 0
293_jpg.rf.f92cd11df432c8d158bf38602f9ee2b6.jpg, 0, 0, 0, 0, 0, 0, 0, 0, 1, 0
593_jpg.rf.f9c29a9e6adf6990d96924c98c542175.jpg, 1, 0, 0, 0, 0, 0, 0, 0, 0, 0
967_jpg.rf.fb421140ad5773f61ca9133e6bf709d5.jpg, 0, 0, 0, 1, 0, 0, 0, 1, 0, 0
529_jpg.rf.fd3c0ad40deff90b7fe8f5124125f0ff.jpg, 1, 0, 0, 0, 0, 0, 0, 0, 0, 0
364_jpg.rf.f8eb5d6d7bbbe4258d3838af7be2029b.jpg, 0, 0, 1, 0, 0, 0, 0, 0, 0, 0
716_jpg.rf.fa1b5669c2b9436e82c11c87d0a40320.jpg, 0, 1, 0, 0, 0, 0, 0, 0, 0, 0
684_jpg.rf.fd807852654000580ad48ae3e236ec47.jpg, 0, 0, 0, 1, 0, 0, 0, 0, 0, 0
534_jpg.rf.fd93c0cbdb1460659978ddcece44a244.jpg, 1, 0, 0, 0, 0, 0, 0, 0, 0, 0
199_jpg.rf.f847d57ffd6ca9137a0abbcdb6b97484.jpg, 0, 0, 0, 0, 0, 0, 0, 0, 0, 1
552_jpg.rf.f94eb7a1db45b1408a23afef3a9f2180.jpg, 1, 0, 0, 0, 0, 0, 0, 0, 0, 0
762_jpg.rf.fd89c3ed40a34bdb609febf886430ff1.jpg, 0, 1, 0, 0, 0, 0, 0, 0, 0, 0
257_jpg.rf.fea007848307527def0b346ac1f68b4d.jpg, 0, 0, 0, 0, 0, 0, 0, 0, 1, 0
530_jpg.rf.fe8d78b7596b68fb8b4771006e37ab74.jpg, 1, 0, 0, 0, 0, 0, 0, 0, 0, 0
998_jpg.rf.fe28cbe1cc573a1749c58e772fe77eb4.jpg, 0, 0, 0, 0, 0, 0, 1, 1, 0, 0
76_jpg.rf.fe71aa157a839293356fe6130354ab60.jpg, 0, 0, 0, 0, 1, 0, 0, 0, 0, 0
226_jpg.rf.fe952b4330a61a3ded689bf303d79fe2.jpg, 0, 0, 0, 0, 0, 0, 0, 0, 1, 0
948_jpg.rf.021178d481bc86ef30a16f70efec51e0.jpg, 0, 0, 0, 0, 0, 0, 0, 1, 0, 0
745_jpg.rf.0086bb8b2d4835454dc7fc0bc9402090.jpg, 0, 1, 0, 0, 0, 0, 0, 0, 0, 0
47_jpg.rf.0124d61ebcadbc22e58576323ddfca0c.jpg, 0, 0, 0, 0, 1, 0, 0, 0, 0, 0
814_jpg.rf.0311b89e60cdc311e632314e9ab1d788.jpg, 0, 0, 0, 0, 0, 1, 0, 0, 0, 0
291_jpg.rf.00309f041eca988351297ac19df4b13e.jpg, 0, 0, 0, 0, 0, 0, 0, 0, 1, 0
102_jpg.rf.0387b37b73d94171ea62858a3daab7dc.jpg, 0, 0, 0, 0, 0, 0, 0, 0, 0, 1
754_jpg.rf.03e7207e23caf8c914fb83e611e53449.jpg, 0, 1, 0, 0, 0, 0, 0, 0, 0, 0
749_jpg.rf.025b924422a2390dedf8ae3de1497d60.jpg, 0, 1, 0, 0, 0, 0, 0, 0, 0, 0
683_jpg.rf.079de2e65977fc169ca142f065b39911.jpg, 0, 0, 0, 1, 0, 0, 0, 0, 0, 0
772_jpg.rf.054572c14f6902b1b269ce723d78ba26.jpg, 0, 1, 0, 0, 0, 0, 0, 0, 0, 0
696_jpg.rf.03017fd2579f585cce58c01b9e27c5cf.jpg, 0, 0, 0, 1, 0, 0, 0, 0, 0, 0
884_jpg.rf.05aa5fb0f69310367bff33beea9a9bd4.jpg, 0, 0, 0, 0, 0, 1, 0, 0, 0, 0
91_jpg.rf.0ba0726f1852105f55f0c768893fb020.jpg, 0, 0, 0, 0, 1, 0, 0, 0, 0, 0
133_jpg.rf.054eebd2ea43b7b700aa1ea1c8661246.jpg, 0, 0, 0, 0, 0, 0, 0, 0, 0, 1
778_jpg.rf.0601620f43184baac9b7a5f9fc815092.jpg, 0, 1, 0, 0, 0, 0, 0, 0, 0, 0
443_jpg.rf.08a57d2118e3308d7186334cc56bd992.jpg, 0, 0, 0, 0, 0, 0, 1, 0, 0, 0
68_jpg.rf.0b115c14427f474b8073ab90afacbdac.jpg, 0, 0, 0, 0, 1, 0, 0, 0, 0, 0
369_jpg.rf.06b6a1cf36a2e313ceb7a0e9003c1b5a.jpg, 0, 0, 1, 0, 0, 0, 0, 0, 0, 0
331_jpg.rf.03aaade525ef28177874a7f9d80bbe5a.jpg, 0, 0, 1, 0, 0, 0, 0, 0, 0, 0
863_jpg.rf.071820f5676c467c5dfd8e2a6f6998e6.jpg, 0, 0, 0, 0, 0, 1, 0, 0, 0, 0
333_jpg.rf.0a5f9b8265bf339b467b3aae367b44f6.jpg, 0, 0, 1, 0, 0, 0, 0, 0, 0, 0
601_jpg.rf.0cb242526c51f5fb4b1abbdc947ed734.jpg, 0, 0, 0, 1, 0, 0, 0, 0, 0, 0
382_jpg.rf.0c0d4f16ac5e7b2646369241f9da3508.jpg, 0, 0, 1, 0, 0, 0, 0, 0, 0, 0
558_jpg.rf.0c7a1432541b8f079fe2e96253594e65.jpg, 1, 0, 0, 0, 0, 0, 0, 0, 0, 0
625_jpg.rf.0872d6aa966502c55680b770d6a4b351.jpg, 0, 0, 0, 1, 0, 0, 0, 0, 0, 0
134_jpg.rf.0ce43e3df075f4e149c3ac8326eb8c01.jpg, 0, 0, 0, 0, 0, 0, 0, 0, 0, 1
714_jpg.rf.0d674c8e28a8c6b4c77a199f29210524.jpg, 0, 1, 0, 0, 0, 0, 0, 0, 0, 0
411_jpg.rf.00c9265966550ddbc693a5cc89a22584.jpg, 0, 0, 0, 0, 0, 0, 1, 0, 0, 0
103_jpg.rf.0e8e30f22d765b17cdac459d8f5342b4.jpg, 0, 0, 0, 0, 0, 0, 0, 0, 0, 1
607_jpg.rf.10e78721303b1267514a1864282a4f03.jpg, 0, 0, 0, 1, 0, 0, 0, 0, 0, 0
847_jpg.rf.02f24fcd7a04e6f69ff00a88577f9675.jpg, 0, 0, 0, 0, 0, 1, 0, 0, 0, 0
62_jpg.rf.0eb95091853c5980e8dda5a3bd27fd14.jpg, 0, 0, 0, 0, 1, 0, 0, 0, 0, 0
399_jpg.rf.11f4bb0852c49f1f0ce34702d0f3ec2b.jpg, 0, 0, 1, 0, 0, 0, 0, 0, 0, 0
265_jpg.rf.0ff5e912fc19090ee9a8e85d4a6cb0c0.jpg, 0, 0, 0, 0, 0, 0, 0, 0, 1, 0
946_jpg.rf.1538ea2ae949848f075e3717260648ad.jpg, 0, 0, 0, 0, 0, 0, 0, 1, 0, 0
701_jpg.rf.12009c6c03b5f0835a781999a19e3b10.jpg, 0, 1, 0, 0, 0, 0, 0, 0, 0, 0
578_jpg.rf.06ec9b15a6c37543b3b75e18c8d26108.jpg, 1, 0, 0, 0, 0, 0, 0, 0, 0, 0
50_jpg.rf.15298789ba13a1076cf8680f854e8a53.jpg, 0, 0, 0, 0, 1, 0, 0, 0, 0, 0
448_jpg.rf.16e26aca1b8ae0de3516635f4e1a14fe.jpg, 0, 0, 0, 0, 0, 0, 1, 0, 0, 0
718_jpg.rf.150277884ccfbabd065d8ab78dbb3916.jpg, 0, 1, 0, 0, 0, 0, 0, 0, 0, 0
866_jpg.rf.16e615c61e68735a7d1466570794b80c.jpg, 0, 0, 0, 0, 0, 1, 0, 0, 0, 0
125_jpg.rf.156aed5c788d9ff4fc900f6449c15ccc.jpg, 0, 0, 0, 0, 0, 0, 0, 0, 0, 1
738_jpg.rf.0cd6f33bdcb230bea9bd1ae72c1271d4.jpg, 0, 1, 0, 0, 0, 0, 0, 0, 0, 0
750_jpg.rf.18973671b1aed9acb0d1a72b05a806ae.jpg, 0, 1, 0, 0, 0, 0, 0, 0, 0, 0
241_jpg.rf.140c2d147618f98080d9dca97678273a.jpg, 0, 0, 0, 0, 0, 0, 0, 0, 1, 0
544_jpg.rf.14fcfbf35c4881eeb693401593825a6a.jpg, 1, 0, 0, 0, 0, 0, 0, 0, 0, 0
281_jpg.rf.1756a3c0866a39869465e80410680189.jpg, 0, 0, 0, 0, 0, 0, 0, 0, 1, 0
797_jpg.rf.16fb7d719a6ff5d101434bc0fa9c66dd.jpg, 0, 1, 0, 0, 0, 0, 0, 0, 0, 0
719_jpg.rf.15567a4fa6dc25f19e3cad8311eeb560.jpg, 0, 1, 0, 0, 0, 0, 0, 0, 0, 0
445_jpg.rf.18e7ac09f7312b495e8637bfb62aa76c.jpg, 0, 0, 0, 0, 0, 0, 1, 0, 0, 0
583_jpg.rf.0ce3824144b04a3fe71788df3598c151.jpg, 1, 0, 0, 0, 0, 0, 0, 0, 0, 0
175_jpg.rf.158a93699b02bf13f9d7b0f4caa877e7.jpg, 0, 0, 0, 0, 0, 0, 0, 0, 0, 1
561_jpg.rf.1750fc11ff3411da2b57fd99bd1b9825.jpg, 1, 0, 0, 0, 0, 0, 0, 0, 0, 0
523_jpg.rf.1c7b1aae97324ceb9f2c2bad0077375e.jpg, 1, 0, 0, 0, 0, 0, 0, 0, 0, 0
126_jpg.rf.1aec0c33af7aab5522eef171369f87b1.jpg, 0, 0, 0, 0, 0, 0, 0, 0, 0, 1
919_jpg.rf.1a3a2d60c2e4b362b48ffccc56a2a48b.jpg, 0, 0, 0, 0, 0, 0, 0, 1, 0, 0
387_jpg.rf.123343f63f4be8828f51aeebecd41d1e.jpg, 0, 0, 1, 0, 0, 0, 0, 0, 0, 0
489_jpg.rf.1aac2f7460d7f10e8536e86f4055dea2.jpg, 0, 0, 0, 0, 0, 0, 1, 0, 0, 0
780_jpg.rf.19cfa54577c0a5dd15403c8e7452cacf.jpg, 0, 1, 0, 0, 0, 0, 0, 0, 0, 0
520_jpg.rf.13b77d689cf0f8822ad82035637605e8.jpg, 1, 0, 0, 0, 0, 0, 0, 0, 0, 0
563_jpg.rf.128da04c23f6dd1a4f6ab66beac36b86.jpg, 1, 0, 0, 0, 0, 0, 0, 0, 0, 0
935_jpg.rf.1245eac288dc8b939894d85c8dd81897.jpg, 0, 0, 0, 0, 0, 0, 0, 1, 0, 0
795_jpg.rf.1aa4e9660aebf9ff31ae6b2aacb24ccc.jpg, 0, 1, 0, 0, 0, 0, 0, 0, 0, 0
94_jpg.rf.1c1825a18c40f5f2e2421c8d7397c4dc.jpg, 0, 0, 0, 0, 1, 0, 0, 0, 0, 0
573_jpg.rf.1c80841d0e432e238cbb2af510d75c13.jpg, 1, 0, 0, 0, 0, 0, 0, 0, 0, 0
320_jpg.rf.1ea6d3e3b4d59a5136817ae522e92cc1.jpg, 0, 1, 1, 0, 0, 0, 0, 0, 0, 0
501_jpg.rf.1e99b10cf5b75b1914147f72c7eb2351.jpg, 1, 0, 0, 0, 0, 0, 0, 0, 0, 0
732_jpg.rf.1c943672aa311f079dacf2b6d4337e9e.jpg, 0, 1, 0, 0, 0, 0, 0, 0, 0, 0
637_jpg.rf.1f75ee900a63c3206c26d38aab2dfefe.jpg, 0, 0, 0, 1, 0, 0, 0, 0, 0, 0
486_jpg.rf.1ff6dfc92020507a9cfb7f50692ecf8b.jpg, 0, 0, 0, 0, 0, 0, 1, 0, 0, 0
883_jpg.rf.1c832936f76a8657d2a33f4df9a61880.jpg, 0, 0, 0, 0, 0, 1, 0, 0, 0, 0
668_jpg.rf.1feac155827658fed7463a8879984fae.jpg, 0, 0, 0, 1, 0, 0, 0, 0, 0, 0
39_jpg.rf.1fdcfdd9e5d15ccfec522f34d35cd289.jpg, 0, 0, 0, 0, 1, 0, 0, 0, 0, 0
108_jpg.rf.1d80b6f5f62039cbe57e0f9f51de082c.jpg, 0, 0, 0, 0, 0, 0, 0, 0, 0, 1
112_jpg.rf.1f7523a2f5d49c07acc80daa6cc12d47.jpg, 0, 0, 0, 0, 0, 0, 0, 0, 0, 1
476_jpg.rf.200e246f3946d79d3b22d8e7906f553d.jpg, 0, 0, 0, 0, 0, 0, 1, 0, 0, 0
690_jpg.rf.1b6aefdfe06e51676f0116c79df3bab8.jpg, 0, 0, 0, 1, 0, 0, 0, 0, 0, 0
477_jpg.rf.204478216afcbc8b58c09c0549451fe2.jpg, 0, 0, 0, 0, 0, 0, 1, 0, 0, 0
105_jpg.rf.201d7b3e3e06c720e974070b93d18c26.jpg, 0, 0, 0, 0, 0, 0, 0, 0, 0, 1
541_jpg.rf.20b861518665798690cac9b1c9851569.jpg, 1, 0, 0, 0, 0, 0, 0, 1, 0, 0
543_jpg.rf.2254d448512bc65d9ccfda70cc84f474.jpg, 1, 0, 0, 0, 0, 0, 0, 0, 0, 0
375_jpg.rf.217d5794d97643332ed2bde1a6404d80.jpg, 0, 0, 1, 0, 0, 0, 0, 0, 0, 0
889_jpg.rf.215613d8030c3e947ab0a99d48261636.jpg, 0, 0, 0, 0, 0, 1, 0, 0, 0, 0
920_jpg.rf.1d0b0ad447bf8d37a964800fa6d5661b.jpg, 0, 0, 0, 0, 0, 0, 0, 1, 0, 0
483_jpg.rf.212d1e049a45ed2547a9103a14d31a88.jpg, 0, 0, 0, 0, 0, 0, 1, 0, 0, 0
808_jpg.rf.212f0c5390fe57364621293be79606ae.jpg, 0, 0, 0, 0, 0, 1, 0, 0, 0, 0
398_jpg.rf.227bfba51e2a88cec4b58f6d1eb0d6a7.jpg, 0, 0, 1, 0, 0, 0, 0, 0, 0, 0
427_jpg.rf.1e03a477f99b1860e2042cd36f83ed0e.jpg, 0, 0, 0, 0, 0, 0, 1, 0, 0, 0
421_jpg.rf.239c89db831cb85f9d17c2f1d3f0bd64.jpg, 0, 0, 0, 0, 0, 0, 1, 0, 0, 0
789_jpg.rf.237d8cb1a7b3272bc2c9cd634fa613ef.jpg, 0, 1, 0, 0, 0, 0, 0, 0, 0, 0
436_jpg.rf.22ccc37786296158a1ecabfbf7f770c3.jpg, 0, 0, 0, 0, 0, 0, 1, 0, 0, 0
395_jpg.rf.20871f74ada51ea217bd0092464e194e.jpg, 0, 0, 1, 0, 0, 0, 0, 0, 0, 0
59_jpg.rf.232cef8ea425021997235df568f5fcb1.jpg, 0, 0, 0, 0, 1, 0, 0, 0, 0, 0
349_jpg.rf.22a2148966324a16b41702344debeaa3.jpg, 0, 0, 1, 0, 0, 0, 0, 0, 0, 0
653_jpg.rf.23e83d5f6419eafbfb1726211e1a75b0.jpg, 0, 0, 0, 1, 0, 0, 0, 0, 0, 0
596_jpg.rf.225fbe87fff8208e07dbfea39245f8db.jpg, 1, 0, 0, 0, 0, 0, 0, 0, 0, 0
189_jpg.rf.2476814204ee50039d2f62189443ef18.jpg, 0, 0, 0, 0, 0, 0, 0, 0, 0, 1
693_jpg.rf.2260b7673cc13950c8f13857511047a9.jpg, 0, 0, 0, 1, 0, 0, 0, 0, 0, 0
665_jpg.rf.26f287d2b079b2e4662e29d8288b3fad.jpg, 0, 0, 0, 1, 0, 0, 0, 0, 0, 0
506_jpg.rf.267c2d17884448f16b13342eef864a03.jpg, 1, 0, 0, 0, 0, 0, 0, 0, 0, 0
132_jpg.rf.23d4dfe28df50c316fc4a7a38db58b81.jpg, 0, 0, 0, 0, 0, 0, 0, 0, 0, 1
687_jpg.rf.24e134051a3ce23d1181b857f45b7575.jpg, 0, 0, 0, 1, 0, 0, 0, 0, 0, 0
779_jpg.rf.24bf789517dab218421ed5a13861ae78.jpg, 0, 1, 0, 0, 0, 0, 0, 0, 0, 0
809_jpg.rf.256a4c9bff69314a7af3a4ef40a87e6e.jpg, 0, 0, 0, 0, 0, 1, 0, 0, 0, 0
595_jpg.rf.29d19ad9741e16291851ffbb7121b394.jpg, 1, 0, 0, 0, 0, 0, 0, 0, 0, 0
301_jpg.rf.2824da4ad08be6ee877c657a96f7e323.jpg, 0, 0, 1, 0, 0, 0, 0, 0, 0, 0
441_jpg.rf.2590ea71f14902289b66f8d374171ec9.jpg, 0, 0, 0, 0, 0, 0, 1, 0, 0, 0
969_jpg.rf.25e4a7eea2807ec47a57f67388b97ed3.jpg, 0, 0, 0, 1, 0, 0, 0, 1, 0, 0
802_jpg.rf.28790160006f15d5b6ff06384f79b470.jpg, 0, 0, 0, 0, 0, 1, 0, 0, 0, 0
188_jpg.rf.2653104d0103be24942dcf8061b02a33.jpg, 0, 0, 0, 0, 0, 0, 0, 0, 0, 1
610_jpg.rf.2882d2ea1fffbc73700bf2b25f9d315b.jpg, 0, 0, 0, 1, 0, 0, 0, 0, 0, 0
169_jpg.rf.281567aa96fb83c28128b82035e45ced.jpg, 0, 0, 0, 0, 0, 0, 0, 0, 0, 1
723_jpg.rf.26cc34d2fd2964a0ea025c0457ca7ce4.jpg, 0, 1, 0, 0, 0, 0, 0, 0, 0, 0
214_jpg.rf.25986d94527969dd6f81e1fc59ce1494.jpg, 0, 0, 0, 0, 0, 0, 0, 0, 1, 0
223_jpg.rf.296aef9586c9ee2a07c9a4525091560b.jpg, 0, 0, 0, 0, 0, 0, 0, 0, 1, 0
117_jpg.rf.25f2f8517adfe7a0d7620ab5ecbadb15.jpg, 0, 0, 0, 0, 0, 0, 0, 0, 0, 1
571_jpg.rf.259f0d598a14c7f672a7d559617872c3.jpg, 1, 0, 0, 0, 0, 0, 0, 0, 0, 0
129_jpg.rf.24db9139e7b985ff955424537ee70e26.jpg, 0, 0, 0, 0, 0, 0, 0, 0, 0, 1
389_jpg.rf.297a73dfe93e78c77078afea7bbf596c.jpg, 0, 0, 1, 0, 0, 0, 0, 0, 0, 0
747_jpg.rf.25dd50ea57bb0886443c1595bdd8ca1d.jpg, 0, 1, 0, 0, 0, 0, 0, 0, 0, 0
465_jpg.rf.26171fc4130780e41d7fffb8e98574f6.jpg, 0, 0, 0, 0, 0, 0, 1, 0, 0, 0
744_jpg.rf.2a63f48f9c88a7a1487b0f7b7801ec1a.jpg, 0, 1, 0, 0, 0, 0, 0, 0, 0, 0
180_jpg.rf.2a9dbfc6066a7e681666978f7530ad3b.jpg, 0, 0, 0, 0, 0, 0, 0, 0, 0, 1
830_jpg.rf.29224c4b30c53d5766f0b2e847f3439e.jpg, 0, 0, 0, 0, 0, 1, 0, 0, 0, 0
412_jpg.rf.2afccfb35694dc7c61eab510bbe34f3e.jpg, 0, 0, 0, 0, 0, 0, 1, 0, 0, 0
626_jpg.rf.2c35202a8a92c09c420e1219b76095bf.jpg, 0, 0, 0, 1, 0, 0, 0, 0, 0, 0
353_jpg.rf.2c90a98ec7eae661f2433f51acb6be32.jpg, 0, 0, 1, 0, 0, 0, 0, 0, 0, 0
184_jpg.rf.2d11c4dda76915be7f56dfa0817d25e9.jpg, 0, 0, 0, 0, 0, 0, 0, 0, 0, 1
751_jpg.rf.2ed1cb074cace1f7d0d9bc450969b11d.jpg, 0, 1, 0, 0, 0, 0, 0, 0, 0, 0
785_jpg.rf.3027b890ec0db2429bdaa8efe79d30b3.jpg, 0, 1, 0, 0, 0, 0, 0, 0, 0, 0
165_jpg.rf.2b65bebc0f9412d3a4630176daaf0621.jpg, 0, 0, 0, 0, 0, 0, 0, 0, 0, 1
83_jpg.rf.2d2e6489cc00c79a55c92baea1f1662b.jpg, 0, 0, 0, 0, 1, 0, 0, 0, 0, 0
313_jpg.rf.2833cb8be7cfd8c7fc1c6ff25b1d54b8.jpg, 0, 0, 1, 0, 0, 0, 0, 0, 0, 0
933_jpg.rf.31649b871d5a96887f98a793afaaa185.jpg, 0, 0, 0, 1, 0, 0, 0, 1, 0, 0
736_jpg.rf.2ca1f3c64bd38c02832d408e4c936747.jpg, 0, 1, 0, 0, 0, 0, 0, 0, 0, 0
910_jpg.rf.2d03bc1e5c3dd37c8d68cf859b82f631.jpg, 0, 0, 0, 0, 0, 0, 0, 1, 0, 0
275_jpg.rf.31a3cc1bfaa83b9185d2e4d938200064.jpg, 0, 0, 0, 0, 0, 0, 0, 0, 1, 0
991_jpg.rf.32cfe2206feb0c3766ec219573613daf.jpg, 0, 0, 0, 0, 0, 0, 1, 1, 0, 0
639_jpg.rf.310fa903f390fe4f8409dd9c51ba0e91.jpg, 0, 0, 0, 1, 0, 0, 0, 0, 0, 0
106_jpg.rf.2c1cf797c27f8e956ed611d12e5e04e7.jpg, 0, 0, 0, 0, 0, 0, 0, 0, 0, 1
325_jpg.rf.2edc4555eda28636a91d3d5ca3e93d7a.jpg, 0, 0, 1, 0, 0, 0, 0, 0, 0, 0
1_jpg.rf.2e6cce3e7cfc0e62b404ba5af96a9c38.jpg, 0, 0, 0, 0, 1, 0, 0, 0, 0, 0
710_jpg.rf.32e886bbe521539e4c3965839cf9b6da.jpg, 0, 1, 0, 0, 0, 0, 0, 0, 0, 0
86_jpg.rf.316b27ed1c74fe936d0ff79265bbf4a0.jpg, 0, 0, 0, 0, 1, 0, 0, 0, 0, 0
709_jpg.rf.336c45f5e730349d53181f8cdf400868.jpg, 0, 1, 0, 0, 0, 0, 0, 0, 0, 0
715_jpg.rf.34000abedfc238ab9d878ab04930128a.jpg, 0, 1, 0, 0, 0, 0, 0, 0, 0, 0
245_jpg.rf.33281446c0acba008b87bb7ced7822d2.jpg, 0, 0, 0, 0, 0, 0, 0, 0, 1, 0
721_jpg.rf.2e2a84c9e0e67e3cc68148b33ccb4b3d.jpg, 0, 1, 0, 0, 0, 0, 0, 0, 0, 0
282_jpg.rf.31f59fff220e84c09f9cd988e79d46c5.jpg, 0, 0, 0, 0, 0, 0, 0, 0, 1, 0
939_jpg.rf.34ebc2bbe01e3bd0abfa5ee7471ede74.jpg, 0, 0, 0, 0, 0, 0, 0, 1, 0, 0